uid,lines,i_lines,d_file,d_private,d_written
django-341,35051,4854,3050,27147,16684
django-343,169222,405,128,168689,113509
django-517,32321,3800,19935,8586,17203
django-337,103065,13775,16202,73088,70897
django-534,117552,12426,47391,57735,68931
django-551,135371,11690,47389,76292,85169
django-16,10582,2991,5239,2352,3226
django-44,10743,3076,5266,2401,3272
django-502,34840,5942,1946,26952,3568
django-506,58310,10556,3078,44676,11152
requests-263,36368,5090,2869,28409,16963
requests-267,169273,405,128,168740,112623
requests-644,32180,3698,19926,8556,17215
requests-257,102821,13637,16190,72994,70889
requests-655,121193,13044,41960,66189,75239
requests-682,121190,13040,41960,66190,75236
requests-7,10482,2928,5229,2325,3235
requests-33,10527,2946,5245,2336,3246
requests-620,39103,5871,1842,31390,5686
requests-626,67939,9654,2759,55526,24238
requests-632,1350805,7955,6734,1336116,15944
xarray-1178,36018,4980,2835,28203,17047
xarray-1181,73854,9543,4436,59875,29679
xarray-1519,32184,3702,19926,8556,17217
xarray-1157,102809,13632,16190,72987,70882
xarray-434,91937,13692,16492,61753,59608
xarray-730,91938,13694,16492,61752,59610
xarray-15,10565,2976,5245,2344,3253
xarray-43,10484,2929,5229,2326,3236
xarray-1498,56126,9888,2799,43439,12517
xarray-1503,142543,5626,1628,135289,69118
xarray-1511,1308444,846,2228,1305370,20528
sphinx-377,34360,4866,2997,26497,16752
sphinx-381,169256,403,128,168725,113564
sphinx-701,32179,3698,19926,8555,17215
sphinx-372,102824,13642,16190,72992,70889
sphinx-736,135042,12809,42047,80186,88143
sphinx-793,120849,12947,41896,66006,75470
sphinx-19,10563,2973,5245,2345,3257
sphinx-54,10483,2928,5229,2326,3237
sphinx-670,67321,11125,3303,52893,16096
sphinx-681,71493,2364,578,68551,32436
sphinx-693,693949,1089,1009,691851,4670
sympy-261,34305,4859,2733,26713,16746
sympy-264,73978,9550,4446,59982,29397
sympy-548,32183,3701,19926,8556,17216
sympy-255,102813,13634,16190,72989,70884
sympy-629,148219,12609,41833,93777,102768
sympy-582,121216,13053,41960,66203,75251
sympy-67,10508,2936,5232,2340,3251
sympy-20,10482,2928,5229,2325,3235
sympy-530,27776,5770,1876,20130,4012
sympy-534,50268,10180,3027,37061,4905
sympy-540,1440591,5733,5326,1429532,1204
