cid,config,dest_level,base_misses,spf_misses,coverage,extra_llc_miss_MB,base_llc_miss_MB,sent,late,stalls,records
539,instant_l2,MLC_MISS_ONPATH,279917.0,249173.0,0.10983255750811848,-0.99066162109375,10.57696533203125,0,0,0,115530
539,instant_llc,L1_MISS_ONPATH,50575.0,36859.0,0.2712011863568957,-2.05523681640625,10.57696533203125,0,0,0,115530
539,instant_both,L1_MISS_ONPATH,50575.0,36824.0,0.271893227879387,-2.0673828125,10.57696533203125,0,0,0,115530
539,stream_l2_2k,MLC_MISS_ONPATH,279917.0,113604.0,0.5941511233687129,1.55792236328125,10.57696533203125,112989,2541,579545,115530
539,stream_l2_20k,MLC_MISS_ONPATH,279917.0,110675.0,0.6046149394284734,1.5516357421875,10.57696533203125,114624,906,601612,115530
539,stream_l2_200k,MLC_MISS_ONPATH,279917.0,111336.0,0.6022535251520986,1.5152587890625,10.57696533203125,115520,10,631511,115530
539,stream_l2_bulk,MLC_MISS_ONPATH,279917.0,184527.0,0.340779588235084,5.115234375,10.57696533203125,115520,10,1776946,115530
539,stream_llc_2k,L1_MISS_ONPATH,50575.0,19684.0,0.610795847750865,0.0048828125,10.57696533203125,114534,996,296190,115530
539,stream_llc_20k,L1_MISS_ONPATH,50575.0,20012.0,0.6043104300543747,0.03515625,10.57696533203125,115189,341,441140,115530
539,stream_llc_200k,L1_MISS_ONPATH,50575.0,13839.0,0.7263667820069204,-0.33203125,10.57696533203125,115529,1,554572,115530
539,stream_llc_bulk,L1_MISS_ONPATH,50575.0,38639.0,0.23600593178447848,4.14569091796875,10.57696533203125,115529,1,1854075,115530
541,instant_l2,MLC_MISS_ONPATH,279959.0,250539.0,0.10508681628381299,-0.99151611328125,10.5972900390625,0,0,0,116002
541,instant_llc,L1_MISS_ONPATH,51594.0,37173.0,0.27950924526107684,-2.1070556640625,10.5972900390625,0,0,0,116002
541,instant_both,L1_MISS_ONPATH,51594.0,37405.0,0.2750125983641509,-2.07440185546875,10.5972900390625,0,0,0,116002
541,stream_l2_2k,MLC_MISS_ONPATH,279959.0,114203.0,0.5920724106029811,1.5111083984375,10.5972900390625,113275,2727,578403,116002
541,stream_l2_20k,MLC_MISS_ONPATH,279959.0,110965.0,0.6036383899070935,1.5712890625,10.5972900390625,115184,818,602156,116002
541,stream_l2_200k,MLC_MISS_ONPATH,279959.0,111512.0,0.6016845323779554,1.55126953125,10.5972900390625,115987,15,636612,116002
541,stream_l2_bulk,MLC_MISS_ONPATH,279959.0,186230.0,0.3347954521912137,5.83795166015625,10.5972900390625,115987,15,1795998,116002
541,stream_llc_2k,L1_MISS_ONPATH,51594.0,20290.0,0.6067372175059116,-0.02020263671875,10.5972900390625,114814,1188,296759,116002
541,stream_llc_20k,L1_MISS_ONPATH,51594.0,18697.0,0.6376129007248905,-0.010986328125,10.5972900390625,115732,270,425401,116002
541,stream_llc_200k,L1_MISS_ONPATH,51594.0,14048.0,0.7277202775516532,-0.3260498046875,10.5972900390625,116001,1,557636,116002
541,stream_llc_bulk,L1_MISS_ONPATH,51594.0,39051.0,0.24310966391440866,4.12823486328125,10.5972900390625,116001,1,1848875,116002
556,instant_l2,MLC_MISS_ONPATH,279195.0,246759.0,0.11617686563154785,-0.92816162109375,10.49090576171875,0,0,0,114586
556,instant_llc,L1_MISS_ONPATH,50356.0,36501.0,0.2751409961077131,-2.005615234375,10.49090576171875,0,0,0,114586
556,instant_both,L1_MISS_ONPATH,50356.0,36326.0,0.27861625228373976,-2.06781005859375,10.49090576171875,0,0,0,114586
556,stream_l2_2k,MLC_MISS_ONPATH,279195.0,112764.0,0.5961102455273196,1.5244140625,10.49090576171875,112097,2489,575967,114586
556,stream_l2_20k,MLC_MISS_ONPATH,279195.0,110310.0,0.6048998012142052,1.57647705078125,10.49090576171875,113665,921,592544,114586
556,stream_l2_200k,MLC_MISS_ONPATH,279195.0,110392.0,0.6046060996794356,1.54754638671875,10.49090576171875,114563,23,612053,114586
556,stream_l2_bulk,MLC_MISS_ONPATH,279195.0,181217.0,0.35093035333727324,5.00372314453125,10.49090576171875,114564,22,1732648,114586
556,stream_llc_2k,L1_MISS_ONPATH,50356.0,19253.0,0.6176622448169037,-0.00604248046875,10.49090576171875,113765,821,288482,114586
556,stream_llc_20k,L1_MISS_ONPATH,50356.0,19363.0,0.6154777980776869,0.0404052734375,10.49090576171875,114272,314,428922,114586
556,stream_llc_200k,L1_MISS_ONPATH,50356.0,15158.0,0.6989832393359282,-0.18560791015625,10.49090576171875,114585,1,425724,114586
556,stream_llc_bulk,L1_MISS_ONPATH,50356.0,40741.0,0.19094050361426643,3.882568359375,10.49090576171875,114585,1,1645445,114586
525,instant_l2,MLC_MISS_ONPATH,280625.0,250199.0,0.10842227171492205,-1.01068115234375,10.4871826171875,0,0,0,114954
525,instant_llc,L1_MISS_ONPATH,50155.0,36345.0,0.2753464260791546,-2.01959228515625,10.4871826171875,0,0,0,114954
525,instant_both,L1_MISS_ONPATH,50155.0,36455.0,0.2731532250024923,-2.0482177734375,10.4871826171875,0,0,0,114954
525,stream_l2_2k,MLC_MISS_ONPATH,280625.0,113902.0,0.594113140311804,1.51129150390625,10.4871826171875,112415,2539,565341,114954
525,stream_l2_20k,MLC_MISS_ONPATH,280625.0,111219.0,0.6036739420935412,1.560791015625,10.4871826171875,113983,971,588350,114954
525,stream_l2_200k,MLC_MISS_ONPATH,280625.0,111252.0,0.6035563474387527,1.54351806640625,10.4871826171875,114948,6,586636,114954
525,stream_l2_bulk,MLC_MISS_ONPATH,280625.0,182921.0,0.34816570155902005,5.6829833984375,10.4871826171875,114948,6,1754287,114954
525,stream_llc_2k,L1_MISS_ONPATH,50155.0,19466.0,0.6118831621971887,-0.034912109375,10.4871826171875,113973,981,277043,114954
525,stream_llc_20k,L1_MISS_ONPATH,50155.0,19817.0,0.6048848569434753,0.06414794921875,10.4871826171875,114641,313,424722,114954
525,stream_llc_200k,L1_MISS_ONPATH,50155.0,14101.0,0.7188515601634932,-0.3270263671875,10.4871826171875,114953,1,536455,114954
525,stream_llc_bulk,L1_MISS_ONPATH,50155.0,37579.0,0.2507426976373243,4.14495849609375,10.4871826171875,114953,1,1845797,114954
567,instant_l2,MLC_MISS_ONPATH,278576.0,248735.0,0.10711978059847223,-1.036376953125,10.52105712890625,0,0,0,114591
567,instant_llc,L1_MISS_ONPATH,50580.0,35849.0,0.29124159746935546,-2.0897216796875,10.52105712890625,0,0,0,114591
567,instant_both,L1_MISS_ONPATH,50580.0,36248.0,0.2833531039936734,-2.05352783203125,10.52105712890625,0,0,0,114591
567,stream_l2_2k,MLC_MISS_ONPATH,278576.0,112479.0,0.5962358566423526,1.4921875,10.52105712890625,112014,2577,578042,114591
567,stream_l2_20k,MLC_MISS_ONPATH,278576.0,109888.0,0.6055367296536672,1.47711181640625,10.52105712890625,113585,1006,592262,114591
567,stream_l2_200k,MLC_MISS_ONPATH,278576.0,109494.0,0.6069510654184136,1.46533203125,10.52105712890625,114590,1,615432,114591
567,stream_l2_bulk,MLC_MISS_ONPATH,278576.0,181411.0,0.34879171213600596,5.63641357421875,10.52105712890625,114572,19,1740037,114591
567,stream_llc_2k,L1_MISS_ONPATH,50580.0,19483.0,0.6148082245947014,-0.0130615234375,10.52105712890625,113660,931,307944,114591
567,stream_llc_20k,L1_MISS_ONPATH,50580.0,19976.0,0.6050612890470541,0.0469970703125,10.52105712890625,114279,312,433084,114591
567,stream_llc_200k,L1_MISS_ONPATH,50580.0,15620.0,0.6911822854883353,-0.1591796875,10.52105712890625,114590,1,434921,114591
567,stream_llc_bulk,L1_MISS_ONPATH,50580.0,39751.0,0.21409648082245947,3.83843994140625,10.52105712890625,114590,1,1681864,114591
530,instant_l2,MLC_MISS_ONPATH,278612.0,248616.0,0.1076622686747161,-1.0296630859375,10.548095703125,0,0,0,114960
530,instant_llc,L1_MISS_ONPATH,50553.0,36428.0,0.27940972840385336,-2.06646728515625,10.548095703125,0,0,0,114960
530,instant_both,L1_MISS_ONPATH,50553.0,36197.0,0.28397919015686507,-2.1163330078125,10.548095703125,0,0,0,114960
530,stream_l2_2k,MLC_MISS_ONPATH,278612.0,112400.0,0.5965715762422293,1.46539306640625,10.548095703125,112340,2620,578095,114960
530,stream_l2_20k,MLC_MISS_ONPATH,278612.0,109706.0,0.6062409372173488,1.46307373046875,10.548095703125,114051,909,591291,114960
530,stream_l2_200k,MLC_MISS_ONPATH,278612.0,110026.0,0.6050923865447289,1.466552734375,10.548095703125,114950,10,620037,114960
530,stream_l2_bulk,MLC_MISS_ONPATH,278612.0,181755.0,0.3476411640561067,5.598388671875,10.548095703125,114950,10,1751097,114960
530,stream_llc_2k,L1_MISS_ONPATH,50553.0,18883.0,0.6264712282159318,-0.08172607421875,10.548095703125,114008,952,278977,114960
530,stream_llc_20k,L1_MISS_ONPATH,50553.0,19540.0,0.613474966866457,-0.02001953125,10.548095703125,114647,313,449479,114960
530,stream_llc_200k,L1_MISS_ONPATH,50553.0,14224.0,0.7186319308448559,-0.31878662109375,10.548095703125,114959,1,535859,114960
530,stream_llc_bulk,L1_MISS_ONPATH,50553.0,37908.0,0.25013352323304255,4.12823486328125,10.548095703125,114959,1,1836841,114960
557,instant_l2,MLC_MISS_ONPATH,278116.0,248097.0,0.10793697593809777,-1.01708984375,10.48199462890625,0,0,0,114958
557,instant_llc,L1_MISS_ONPATH,50059.0,36317.0,0.2745160710361773,-2.0386962890625,10.48199462890625,0,0,0,114958
557,instant_both,L1_MISS_ONPATH,50059.0,36189.0,0.2770730537965201,-2.05511474609375,10.48199462890625,0,0,0,114958
557,stream_l2_2k,MLC_MISS_ONPATH,278116.0,112386.0,0.5959024292022034,1.52105712890625,10.48199462890625,112278,2680,573071,114958
557,stream_l2_20k,MLC_MISS_ONPATH,278116.0,110206.0,0.6037408850983043,1.56256103515625,10.48199462890625,113887,1071,589646,114958
557,stream_l2_200k,MLC_MISS_ONPATH,278116.0,109667.0,0.6056789253405054,1.5159912109375,10.48199462890625,114945,13,621740,114958
557,stream_l2_bulk,MLC_MISS_ONPATH,278116.0,182165.0,0.3450035237095313,5.0462646484375,10.48199462890625,114935,23,1752423,114958
557,stream_llc_2k,L1_MISS_ONPATH,50059.0,19294.0,0.614574801733954,-0.01751708984375,10.48199462890625,114103,855,292121,114958
557,stream_llc_20k,L1_MISS_ONPATH,50059.0,19806.0,0.6043468706925827,0.0765380859375,10.48199462890625,114476,482,428081,114958
557,stream_llc_200k,L1_MISS_ONPATH,50059.0,14376.0,0.7128188737289998,-0.2806396484375,10.48199462890625,114957,1,546252,114958
557,stream_llc_bulk,L1_MISS_ONPATH,50059.0,37755.0,0.2457899678379512,4.1641845703125,10.48199462890625,114957,1,1855572,114958
535,instant_l2,MLC_MISS_ONPATH,279548.0,248364.0,0.11155150457166568,-0.978759765625,10.5185546875,0,0,0,115207
535,instant_llc,L1_MISS_ONPATH,50541.0,36854.0,0.2708098375576265,-2.04046630859375,10.5185546875,0,0,0,115207
535,instant_both,L1_MISS_ONPATH,50541.0,36711.0,0.2736392236006411,-2.017578125,10.5185546875,0,0,0,115207
535,stream_l2_2k,MLC_MISS_ONPATH,279548.0,113227.0,0.5949640133358135,1.55059814453125,10.5185546875,112506,2701,573536,115207
535,stream_l2_20k,MLC_MISS_ONPATH,279548.0,110023.0,0.606425372386853,1.58477783203125,10.5185546875,114266,941,592198,115207
535,stream_l2_200k,MLC_MISS_ONPATH,279548.0,110126.0,0.6060569204573096,1.5618896484375,10.5185546875,115197,10,598312,115207
535,stream_l2_bulk,MLC_MISS_ONPATH,279548.0,181998.0,0.34895617210640034,5.0775146484375,10.5185546875,115197,10,1754496,115207
535,stream_llc_2k,L1_MISS_ONPATH,50541.0,19180.0,0.620506123741121,-0.00177001953125,10.5185546875,114304,903,295558,115207
535,stream_llc_20k,L1_MISS_ONPATH,50541.0,19976.0,0.6047565342988861,0.11956787109375,10.5185546875,114896,311,422425,115207
535,stream_llc_200k,L1_MISS_ONPATH,50541.0,14965.0,0.7039037613027047,-0.1923828125,10.5185546875,115206,1,422358,115207
535,stream_llc_bulk,L1_MISS_ONPATH,50541.0,40663.0,0.19544528204823805,3.9322509765625,10.5185546875,115206,1,1678749,115207
546,instant_l2,MLC_MISS_ONPATH,279962.0,248802.0,0.11130081939691815,-1.01568603515625,10.5533447265625,0,0,0,115659
546,instant_llc,L1_MISS_ONPATH,50897.0,37063.0,0.27180383912607814,-2.01434326171875,10.5533447265625,0,0,0,115659
546,instant_both,L1_MISS_ONPATH,50897.0,36942.0,0.27418118946106845,-2.0565185546875,10.5533447265625,0,0,0,115659
546,stream_l2_2k,MLC_MISS_ONPATH,279962.0,114747.0,0.5901336609968496,1.57684326171875,10.5533447265625,112981,2678,594890,115659
546,stream_l2_20k,MLC_MISS_ONPATH,279962.0,111661.0,0.6011565855366086,1.59429931640625,10.5533447265625,114624,1035,623015,115659
546,stream_l2_200k,MLC_MISS_ONPATH,279962.0,110718.0,0.6045248998078311,1.58978271484375,10.5533447265625,115658,1,638988,115659
546,stream_l2_bulk,MLC_MISS_ONPATH,279962.0,185160.0,0.338624527614462,5.84368896484375,10.5533447265625,115653,6,1787241,115659
546,stream_llc_2k,L1_MISS_ONPATH,50897.0,20048.0,0.606106450281942,0.0047607421875,10.5533447265625,114743,916,301671,115659
546,stream_llc_20k,L1_MISS_ONPATH,50897.0,19486.0,0.6171483584494174,-0.006103515625,10.5533447265625,115342,317,428652,115659
546,stream_llc_200k,L1_MISS_ONPATH,50897.0,15242.0,0.7005324478849441,-0.15869140625,10.5533447265625,115658,1,436896,115659
546,stream_llc_bulk,L1_MISS_ONPATH,50897.0,41073.0,0.19301727017309467,3.91217041015625,10.5533447265625,115658,1,1690977,115659
572,instant_l2,MLC_MISS_ONPATH,279226.0,248157.0,0.11126829163473316,-1.0194091796875,10.49554443359375,0,0,0,114593
572,instant_llc,L1_MISS_ONPATH,50632.0,36362.0,0.28183757307631535,-2.01806640625,10.49554443359375,0,0,0,114593
572,instant_both,L1_MISS_ONPATH,50632.0,36225.0,0.28454337178069206,-2.04034423828125,10.49554443359375,0,0,0,114593
572,stream_l2_2k,MLC_MISS_ONPATH,279226.0,112376.0,0.5975446412583355,1.5118408203125,10.49554443359375,112032,2561,580446,114593
572,stream_l2_20k,MLC_MISS_ONPATH,279226.0,109922.0,0.6063332211183772,1.522705078125,10.49554443359375,113633,960,590657,114593
572,stream_l2_200k,MLC_MISS_ONPATH,279226.0,109717.0,0.6070673934375739,1.520751953125,10.49554443359375,114583,10,607225,114593
572,stream_l2_bulk,MLC_MISS_ONPATH,279226.0,180814.0,0.3524456891550214,4.957275390625,10.49554443359375,114583,10,1737899,114593
572,stream_llc_2k,L1_MISS_ONPATH,50632.0,18924.0,0.6262442723969032,-0.05712890625,10.49554443359375,113779,814,274546,114593
572,stream_llc_20k,L1_MISS_ONPATH,50632.0,19283.0,0.6191538947701059,0.0433349609375,10.49554443359375,114282,311,446177,114593
572,stream_llc_200k,L1_MISS_ONPATH,50632.0,14149.0,0.7205522199399589,-0.313232421875,10.49554443359375,114592,1,524480,114593
572,stream_llc_bulk,L1_MISS_ONPATH,50632.0,37930.0,0.25086901564228153,4.13092041015625,10.49554443359375,114592,1,1846267,114593
550,instant_l2,MLC_MISS_ONPATH,278107.0,248049.0,0.10808070275109939,-0.9559326171875,10.43939208984375,0,0,0,114584
550,instant_llc,L1_MISS_ONPATH,49659.0,35870.0,0.27767373487182584,-1.9993896484375,10.43939208984375,0,0,0,114584
550,instant_both,L1_MISS_ONPATH,49659.0,35696.0,0.2811776314464649,-2.049072265625,10.43939208984375,0,0,0,114584
550,stream_l2_2k,MLC_MISS_ONPATH,278107.0,112632.0,0.5950048003106718,1.5218505859375,10.43939208984375,112003,2581,574212,114584
550,stream_l2_20k,MLC_MISS_ONPATH,278107.0,109789.0,0.6052274843855063,1.5303955078125,10.43939208984375,113615,969,595288,114584
550,stream_l2_200k,MLC_MISS_ONPATH,278107.0,110289.0,0.6034296152200412,1.5582275390625,10.43939208984375,114571,13,611579,114584
550,stream_l2_bulk,MLC_MISS_ONPATH,278107.0,181429.0,0.3476287903576681,5.65875244140625,10.43939208984375,114571,13,1739389,114584
550,stream_llc_2k,L1_MISS_ONPATH,49659.0,19080.0,0.6157796169878572,0.00445556640625,10.43939208984375,113670,914,282839,114584
550,stream_llc_20k,L1_MISS_ONPATH,49659.0,19259.0,0.6121750337300389,0.04766845703125,10.43939208984375,114270,314,414262,114584
550,stream_llc_200k,L1_MISS_ONPATH,49659.0,15627.0,0.6853138403914698,-0.1021728515625,10.43939208984375,114583,1,398772,114584
550,stream_llc_bulk,L1_MISS_ONPATH,49659.0,39858.0,0.19736603636802996,3.8663330078125,10.43939208984375,114583,1,1642829,114584
533,instant_l2,MLC_MISS_ONPATH,278432.0,248122.0,0.10885961383748995,-1.033447265625,10.570068359375,0,0,0,114965
533,instant_llc,L1_MISS_ONPATH,50746.0,36663.0,0.27751941039687855,-2.06243896484375,10.570068359375,0,0,0,114965
533,instant_both,L1_MISS_ONPATH,50746.0,36704.0,0.2767114649430497,-2.0791015625,10.570068359375,0,0,0,114965
533,stream_l2_2k,MLC_MISS_ONPATH,278432.0,112243.0,0.5968746408458798,1.4932861328125,10.570068359375,112298,2667,582457,114965
533,stream_l2_20k,MLC_MISS_ONPATH,278432.0,109852.0,0.605462015860246,1.50372314453125,10.570068359375,113971,994,592699,114965
533,stream_l2_200k,MLC_MISS_ONPATH,278432.0,110218.0,0.6041475117802552,1.5123291015625,10.570068359375,114955,10,594606,114965
533,stream_l2_bulk,MLC_MISS_ONPATH,278432.0,182319.0,0.34519379956326857,5.64813232421875,10.570068359375,114958,7,1757298,114965
533,stream_llc_2k,L1_MISS_ONPATH,50746.0,19457.0,0.6165806171915028,-0.0709228515625,10.570068359375,114017,948,292216,114965
533,stream_llc_20k,L1_MISS_ONPATH,50746.0,19577.0,0.6142158987900525,-0.0533447265625,10.570068359375,114667,298,437395,114965
533,stream_llc_200k,L1_MISS_ONPATH,50746.0,15180.0,0.7008631222165294,-0.2108154296875,10.570068359375,114964,1,412514,114965
533,stream_llc_bulk,L1_MISS_ONPATH,50746.0,39853.0,0.2146573128916565,3.86468505859375,10.570068359375,114964,1,1707816,114965
536,instant_l2,MLC_MISS_ONPATH,279120.0,248711.0,0.10894597305818286,-0.9605712890625,10.500244140625,0,0,0,114588
536,instant_llc,L1_MISS_ONPATH,50494.0,36323.0,0.28064720560858714,-2.00042724609375,10.500244140625,0,0,0,114588
536,instant_both,L1_MISS_ONPATH,50494.0,36516.0,0.27682496930328354,-2.036865234375,10.500244140625,0,0,0,114588
536,stream_l2_2k,MLC_MISS_ONPATH,279120.0,113578.0,0.593085411292634,1.510009765625,10.500244140625,111990,2598,573718,114588
536,stream_l2_20k,MLC_MISS_ONPATH,279120.0,111249.0,0.6014294926913155,1.533447265625,10.500244140625,113639,949,587960,114588
536,stream_l2_200k,MLC_MISS_ONPATH,279120.0,111226.0,0.601511894525652,1.53839111328125,10.500244140625,114578,10,597067,114588
536,stream_l2_bulk,MLC_MISS_ONPATH,279120.0,182570.0,0.345908569790771,5.66448974609375,10.500244140625,114578,10,1741726,114588
536,stream_llc_2k,L1_MISS_ONPATH,50494.0,19704.0,0.6097754188616469,0.03619384765625,10.500244140625,113611,977,299282,114588
536,stream_llc_20k,L1_MISS_ONPATH,50494.0,19857.0,0.6067453558838674,0.1163330078125,10.500244140625,114112,476,411076,114588
536,stream_llc_200k,L1_MISS_ONPATH,50494.0,15934.0,0.6844377549807898,-0.0828857421875,10.500244140625,114587,1,395753,114588
536,stream_llc_bulk,L1_MISS_ONPATH,50494.0,40469.0,0.1985384402107181,3.875,10.500244140625,114587,1,1650741,114588
559,instant_l2,MLC_MISS_ONPATH,279192.0,247598.0,0.11316226825983552,-1.00836181640625,10.46978759765625,0,0,0,114571
559,instant_llc,L1_MISS_ONPATH,50504.0,36466.0,0.2779581815301758,-2.01129150390625,10.46978759765625,0,0,0,114571
559,instant_both,L1_MISS_ONPATH,50504.0,36654.0,0.27423570410264536,-2.01849365234375,10.46978759765625,0,0,0,114571
559,stream_l2_2k,MLC_MISS_ONPATH,279192.0,112393.0,0.597434740250437,1.521728515625,10.46978759765625,112052,2519,574457,114571
559,stream_l2_20k,MLC_MISS_ONPATH,279192.0,109749.0,0.6069049256425686,1.53411865234375,10.46978759765625,113645,926,593359,114571
559,stream_l2_200k,MLC_MISS_ONPATH,279192.0,110115.0,0.6055939998280753,1.49786376953125,10.46978759765625,114559,12,610718,114571
559,stream_l2_bulk,MLC_MISS_ONPATH,279192.0,182291.0,0.34707656379838964,5.96661376953125,10.46978759765625,114565,6,1743580,114571
559,stream_llc_2k,L1_MISS_ONPATH,50504.0,19827.0,0.6074172342784729,0.021728515625,10.46978759765625,113558,1013,301936,114571
559,stream_llc_20k,L1_MISS_ONPATH,50504.0,19532.0,0.6132583557738001,0.01739501953125,10.46978759765625,114234,337,450602,114571
559,stream_llc_200k,L1_MISS_ONPATH,50504.0,15683.0,0.6894701409789323,-0.07904052734375,10.46978759765625,114570,1,423546,114571
559,stream_llc_bulk,L1_MISS_ONPATH,50504.0,40433.0,0.19940994772691273,3.88232421875,10.46978759765625,114570,1,1665573,114571
538,instant_l2,MLC_MISS_ONPATH,277812.0,247362.0,0.1096064964796337,-0.9808349609375,10.48590087890625,0,0,0,114596
538,instant_llc,L1_MISS_ONPATH,50199.0,36348.0,0.27592183111217355,-2.072998046875,10.48590087890625,0,0,0,114596
538,instant_both,L1_MISS_ONPATH,50199.0,36146.0,0.2799458156536983,-2.04998779296875,10.48590087890625,0,0,0,114596
538,stream_l2_2k,MLC_MISS_ONPATH,277812.0,111973.0,0.5969468561473227,1.4810791015625,10.48590087890625,112009,2587,576664,114596
538,stream_l2_20k,MLC_MISS_ONPATH,277812.0,108534.0,0.6093257310699322,1.50323486328125,10.48590087890625,113582,1014,592649,114596
538,stream_l2_200k,MLC_MISS_ONPATH,277812.0,108617.0,0.6090269678775575,1.48272705078125,10.48590087890625,114586,10,597467,114596
538,stream_l2_bulk,MLC_MISS_ONPATH,277812.0,179932.0,0.35232459361006724,5.7047119140625,10.48590087890625,114586,10,1752740,114596
538,stream_llc_2k,L1_MISS_ONPATH,50199.0,18990.0,0.621705611665571,-0.02471923828125,10.48590087890625,113805,791,275439,114596
538,stream_llc_20k,L1_MISS_ONPATH,50199.0,19139.0,0.6187374250483078,-0.0185546875,10.48590087890625,114302,294,433580,114596
538,stream_llc_200k,L1_MISS_ONPATH,50199.0,15793.0,0.6853921392856431,-0.09722900390625,10.48590087890625,114595,1,429173,114596
538,stream_llc_bulk,L1_MISS_ONPATH,50199.0,39803.0,0.20709575887965895,3.86932373046875,10.48590087890625,114595,1,1698625,114596
537,instant_l2,MLC_MISS_ONPATH,279463.0,251764.0,0.09911508858059923,-0.9915771484375,10.49359130859375,0,0,0,114966
537,instant_llc,L1_MISS_ONPATH,50276.0,36225.0,0.2794772853846766,-2.0357666015625,10.49359130859375,0,0,0,114966
537,instant_both,L1_MISS_ONPATH,50276.0,36251.0,0.27896014002705066,-2.05224609375,10.49359130859375,0,0,0,114966
537,stream_l2_2k,MLC_MISS_ONPATH,279463.0,113804.0,0.5927761456793923,1.49127197265625,10.49359130859375,112366,2600,576788,114966
537,stream_l2_20k,MLC_MISS_ONPATH,279463.0,111141.0,0.6023051352057338,1.5220947265625,10.49359130859375,114008,958,583237,114966
537,stream_l2_200k,MLC_MISS_ONPATH,279463.0,111148.0,0.6022800871671742,1.48297119140625,10.49359130859375,114953,13,599309,114966
537,stream_l2_bulk,MLC_MISS_ONPATH,279463.0,183416.0,0.34368413707718015,5.04107666015625,10.49359130859375,114953,13,1751206,114966
537,stream_llc_2k,L1_MISS_ONPATH,50276.0,19376.0,0.6146073673323256,0.02166748046875,10.49359130859375,114104,862,287824,114966
537,stream_llc_20k,L1_MISS_ONPATH,50276.0,20068.0,0.6008433447370515,0.03814697265625,10.49359130859375,114651,315,420260,114966
537,stream_llc_200k,L1_MISS_ONPATH,50276.0,15333.0,0.6950234704431538,-0.15728759765625,10.49359130859375,114965,1,412422,114966
537,stream_llc_bulk,L1_MISS_ONPATH,50276.0,40245.0,0.19951865701328667,3.86358642578125,10.49359130859375,114965,1,1653294,114966
523,instant_l2,MLC_MISS_ONPATH,279392.0,247915.0,0.11266249570495934,-0.97802734375,10.44781494140625,0,0,0,114880
523,instant_llc,L1_MISS_ONPATH,49901.0,36035.0,0.2778701829622653,-2.017822265625,10.44781494140625,0,0,0,114880
523,instant_both,L1_MISS_ONPATH,49901.0,35992.0,0.2787318891404982,-2.046142578125,10.44781494140625,0,0,0,114880
523,stream_l2_2k,MLC_MISS_ONPATH,279392.0,112901.0,0.5959046787309586,1.52294921875,10.44781494140625,112242,2638,567574,114880
523,stream_l2_20k,MLC_MISS_ONPATH,279392.0,109932.0,0.6065313251632115,1.56524658203125,10.44781494140625,113878,1002,585807,114880
523,stream_l2_200k,MLC_MISS_ONPATH,279392.0,110048.0,0.6061161378994387,1.5546875,10.44781494140625,114870,10,601565,114880
523,stream_l2_bulk,MLC_MISS_ONPATH,279392.0,181854.0,0.34910806322299853,5.68756103515625,10.44781494140625,114870,10,1743207,114880
523,stream_llc_2k,L1_MISS_ONPATH,49901.0,19496.0,0.6093064267249153,0.02276611328125,10.44781494140625,113939,941,288535,114880
523,stream_llc_20k,L1_MISS_ONPATH,49901.0,19607.0,0.6070820224043606,0.08502197265625,10.44781494140625,114528,352,433055,114880
523,stream_llc_200k,L1_MISS_ONPATH,49901.0,15555.0,0.6882827999438889,-0.06549072265625,10.44781494140625,114879,1,418740,114880
523,stream_llc_bulk,L1_MISS_ONPATH,49901.0,40067.0,0.19707019899400813,3.89654541015625,10.44781494140625,114879,1,1674142,114880
561,instant_l2,MLC_MISS_ONPATH,279244.0,248299.0,0.11081706321353368,-0.9832763671875,10.47308349609375,0,0,0,114581
561,instant_llc,L1_MISS_ONPATH,50787.0,36719.0,0.27700001969007815,-2.00970458984375,10.47308349609375,0,0,0,114581
561,instant_both,L1_MISS_ONPATH,50787.0,37068.0,0.27012818240888414,-2.00054931640625,10.47308349609375,0,0,0,114581
561,stream_l2_2k,MLC_MISS_ONPATH,279244.0,112190.0,0.5982366675738781,1.48822021484375,10.47308349609375,112049,2532,576397,114581
561,stream_l2_20k,MLC_MISS_ONPATH,279244.0,109535.0,0.6077444815286989,1.49859619140625,10.47308349609375,113588,993,596566,114581
561,stream_l2_200k,MLC_MISS_ONPATH,279244.0,109894.0,0.6064588675137156,1.5169677734375,10.47308349609375,114574,7,602651,114581
561,stream_l2_bulk,MLC_MISS_ONPATH,279244.0,181267.0,0.350865193164401,5.65728759765625,10.47308349609375,114571,10,1744818,114581
561,stream_llc_2k,L1_MISS_ONPATH,50787.0,19415.0,0.6177171323370154,-0.0201416015625,10.47308349609375,113739,842,274683,114581
561,stream_llc_20k,L1_MISS_ONPATH,50787.0,19476.0,0.6165160375686691,0.06396484375,10.47308349609375,114285,296,415285,114581
561,stream_llc_200k,L1_MISS_ONPATH,50787.0,14207.0,0.720263059444346,-0.30517578125,10.47308349609375,114580,1,531108,114581
561,stream_llc_bulk,L1_MISS_ONPATH,50787.0,37993.0,0.2519148601019946,4.107666015625,10.47308349609375,114580,1,1827836,114581
571,instant_l2,MLC_MISS_ONPATH,278618.0,247941.0,0.11010415694606952,-1.0325927734375,10.503173828125,0,0,0,114916
571,instant_llc,L1_MISS_ONPATH,50554.0,36651.0,0.2750128575384737,-2.057373046875,10.503173828125,0,0,0,114916
571,instant_both,L1_MISS_ONPATH,50554.0,36817.0,0.2717292400205721,-2.02655029296875,10.503173828125,0,0,0,114916
571,stream_l2_2k,MLC_MISS_ONPATH,278618.0,111805.0,0.5987158044347458,1.47589111328125,10.503173828125,112287,2629,580122,114916
571,stream_l2_20k,MLC_MISS_ONPATH,278618.0,108737.0,0.6097272968724203,1.521728515625,10.503173828125,113895,1021,593036,114916
571,stream_l2_200k,MLC_MISS_ONPATH,278618.0,109189.0,0.6081050039839494,1.4920654296875,10.503173828125,114906,10,603060,114916
571,stream_l2_bulk,MLC_MISS_ONPATH,278618.0,180185.0,0.3532901679001357,5.01348876953125,10.503173828125,114906,10,1750114,114916
571,stream_llc_2k,L1_MISS_ONPATH,50554.0,19016.0,0.6238477667444713,-0.03741455078125,10.503173828125,114086,830,285009,114916
571,stream_llc_20k,L1_MISS_ONPATH,50554.0,19442.0,0.6154211338370851,-0.0030517578125,10.503173828125,114575,341,437665,114916
571,stream_llc_200k,L1_MISS_ONPATH,50554.0,14602.0,0.7111603433951814,-0.25347900390625,10.503173828125,114915,1,549051,114916
571,stream_llc_bulk,L1_MISS_ONPATH,50554.0,38230.0,0.24377892946156585,4.166748046875,10.503173828125,114915,1,1846077,114916
534,instant_l2,MLC_MISS_ONPATH,278342.0,247400.0,0.11116540083781823,-1.00048828125,10.49310302734375,0,0,0,114575
534,instant_llc,L1_MISS_ONPATH,50228.0,36327.0,0.2767579835948077,-2.08441162109375,10.49310302734375,0,0,0,114575
534,instant_both,L1_MISS_ONPATH,50228.0,36532.0,0.2726765947280401,-2.0321044921875,10.49310302734375,0,0,0,114575
534,stream_l2_2k,MLC_MISS_ONPATH,278342.0,112809.0,0.5947108233755596,1.486328125,10.49310302734375,111945,2630,585417,114575
534,stream_l2_20k,MLC_MISS_ONPATH,278342.0,109964.0,0.6049320619956744,1.498046875,10.49310302734375,113647,928,593157,114575
534,stream_l2_200k,MLC_MISS_ONPATH,278342.0,109544.0,0.6064409970467985,1.49658203125,10.49310302734375,114573,2,616790,114575
534,stream_l2_bulk,MLC_MISS_ONPATH,278342.0,181149.0,0.3491855343426432,5.62615966796875,10.49310302734375,114562,13,1742440,114575
534,stream_llc_2k,L1_MISS_ONPATH,50228.0,19376.0,0.6142390698415227,-0.044189453125,10.49310302734375,113613,962,296670,114575
534,stream_llc_20k,L1_MISS_ONPATH,50228.0,19184.0,0.6180616389264951,0.02984619140625,10.49310302734375,114265,310,431350,114575
534,stream_llc_200k,L1_MISS_ONPATH,50228.0,14676.0,0.7078123755674126,-0.3115234375,10.49310302734375,114574,1,574337,114575
534,stream_llc_bulk,L1_MISS_ONPATH,50228.0,37932.0,0.24480369515011546,4.11566162109375,10.49310302734375,114574,1,1834460,114575
527,instant_l2,MLC_MISS_ONPATH,279055.0,248074.0,0.11102112486785759,-0.98028564453125,10.46234130859375,0,0,0,114919
527,instant_llc,L1_MISS_ONPATH,50001.0,35834.0,0.28333433331333374,-2.07037353515625,10.46234130859375,0,0,0,114919
527,instant_both,L1_MISS_ONPATH,50001.0,36000.0,0.28001439971200576,-2.02972412109375,10.46234130859375,0,0,0,114919
527,stream_l2_2k,MLC_MISS_ONPATH,279055.0,111865.0,0.5991292039203742,1.51397705078125,10.46234130859375,112351,2568,579926,114919
527,stream_l2_20k,MLC_MISS_ONPATH,279055.0,109676.0,0.6069735356829299,1.5599365234375,10.46234130859375,113970,949,596937,114919
527,stream_l2_200k,MLC_MISS_ONPATH,279055.0,109232.0,0.6085646198778019,1.524169921875,10.46234130859375,114916,3,619521,114919
527,stream_l2_bulk,MLC_MISS_ONPATH,279055.0,181412.0,0.34990593252226265,5.67864990234375,10.46234130859375,114908,11,1753918,114919
527,stream_llc_2k,L1_MISS_ONPATH,50001.0,19419.0,0.6116277674446511,0.03009033203125,10.46234130859375,113995,924,312899,114919
527,stream_llc_20k,L1_MISS_ONPATH,50001.0,19639.0,0.6072278554428912,0.00341796875,10.46234130859375,114629,290,433438,114919
527,stream_llc_200k,L1_MISS_ONPATH,50001.0,15685.0,0.6863062738745225,-0.0706787109375,10.46234130859375,114918,1,398967,114919
527,stream_llc_bulk,L1_MISS_ONPATH,50001.0,40194.0,0.19613607727845442,3.85919189453125,10.46234130859375,114918,1,1679894,114919
542,instant_l2,MLC_MISS_ONPATH,278319.0,248578.0,0.10685939515448101,-0.98846435546875,10.475830078125,0,0,0,114590
542,instant_llc,L1_MISS_ONPATH,50053.0,36220.0,0.27636705092601843,-2.037353515625,10.475830078125,0,0,0,114590
542,instant_both,L1_MISS_ONPATH,50053.0,36473.0,0.27131240884662255,-2.0191650390625,10.475830078125,0,0,0,114590
542,stream_l2_2k,MLC_MISS_ONPATH,278319.0,112643.0,0.5952737685892806,1.50299072265625,10.475830078125,111943,2647,572854,114590
542,stream_l2_20k,MLC_MISS_ONPATH,278319.0,110018.0,0.6047053920141995,1.54803466796875,10.475830078125,113625,965,586343,114590
542,stream_l2_200k,MLC_MISS_ONPATH,278319.0,109467.0,0.6066851346835825,1.53009033203125,10.475830078125,114580,10,605070,114590
542,stream_l2_bulk,MLC_MISS_ONPATH,278319.0,181224.0,0.3488622767399998,5.65814208984375,10.475830078125,114580,10,1738434,114590
542,stream_llc_2k,L1_MISS_ONPATH,50053.0,18988.0,0.6206421193534853,-0.0225830078125,10.475830078125,113667,923,278663,114590
542,stream_llc_20k,L1_MISS_ONPATH,50053.0,19568.0,0.6090544023335265,0.05401611328125,10.475830078125,114276,314,426216,114590
542,stream_llc_200k,L1_MISS_ONPATH,50053.0,15654.0,0.6872515133958005,-0.11578369140625,10.475830078125,114589,1,455603,114590
542,stream_llc_bulk,L1_MISS_ONPATH,50053.0,39599.0,0.20885860987353405,3.86566162109375,10.475830078125,114589,1,1683109,114590
545,instant_l2,MLC_MISS_ONPATH,277552.0,247302.0,0.10898858592263792,-1.031005859375,10.54779052734375,0,0,0,114590
545,instant_llc,L1_MISS_ONPATH,50135.0,36149.0,0.2789667896678967,-2.074462890625,10.54779052734375,0,0,0,114590
545,instant_both,L1_MISS_ONPATH,50135.0,36295.0,0.27605465243841626,-2.08831787109375,10.54779052734375,0,0,0,114590
545,stream_l2_2k,MLC_MISS_ONPATH,277552.0,112624.0,0.5942237850925232,1.48858642578125,10.54779052734375,112060,2530,575324,114590
545,stream_l2_20k,MLC_MISS_ONPATH,277552.0,110190.0,0.6029933129647778,1.50787353515625,10.54779052734375,113623,967,587349,114590
545,stream_l2_200k,MLC_MISS_ONPATH,277552.0,109654.0,0.6049244826194731,1.515625,10.54779052734375,114580,10,604921,114590
545,stream_l2_bulk,MLC_MISS_ONPATH,277552.0,181422.0,0.3463495128840722,5.61578369140625,10.54779052734375,114584,6,1743467,114590
545,stream_llc_2k,L1_MISS_ONPATH,50135.0,18811.0,0.6247930587413982,-0.0921630859375,10.54779052734375,113702,888,278616,114590
545,stream_llc_20k,L1_MISS_ONPATH,50135.0,19279.0,0.615458262690735,-0.06243896484375,10.54779052734375,114254,336,428953,114590
545,stream_llc_200k,L1_MISS_ONPATH,50135.0,15177.0,0.6972773511518899,-0.2222900390625,10.54779052734375,114589,1,427762,114590
545,stream_llc_bulk,L1_MISS_ONPATH,50135.0,40011.0,0.2019347761045178,3.85247802734375,10.54779052734375,114589,1,1699451,114590
566,instant_l2,MLC_MISS_ONPATH,279689.0,249181.0,0.10907829768063813,-1.012939453125,10.4927978515625,0,0,0,114589
566,instant_llc,L1_MISS_ONPATH,50485.0,36702.0,0.27301178567891454,-2.02276611328125,10.4927978515625,0,0,0,114589
566,instant_both,L1_MISS_ONPATH,50485.0,36581.0,0.2754085371892641,-2.035400390625,10.4927978515625,0,0,0,114589
566,stream_l2_2k,MLC_MISS_ONPATH,279689.0,113056.0,0.5957795980535523,1.5067138671875,10.4927978515625,112051,2538,583243,114589
566,stream_l2_20k,MLC_MISS_ONPATH,279689.0,110252.0,0.605805019146266,1.5018310546875,10.4927978515625,113639,950,600567,114589
566,stream_l2_200k,MLC_MISS_ONPATH,279689.0,110424.0,0.6051900503773835,1.4732666015625,10.4927978515625,114579,10,628829,114589
566,stream_l2_bulk,MLC_MISS_ONPATH,279689.0,182064.0,0.34904840733815057,4.9814453125,10.4927978515625,114579,10,1751195,114589
566,stream_llc_2k,L1_MISS_ONPATH,50485.0,19506.0,0.6136278102406656,0.0018310546875,10.4927978515625,113711,878,306718,114589
566,stream_llc_20k,L1_MISS_ONPATH,50485.0,19389.0,0.6159453302961275,-0.00274658203125,10.4927978515625,114276,313,418822,114589
566,stream_llc_200k,L1_MISS_ONPATH,50485.0,14446.0,0.7138556006734673,-0.320068359375,10.4927978515625,114588,1,549653,114589
566,stream_llc_bulk,L1_MISS_ONPATH,50485.0,38230.0,0.242745369911855,4.14495849609375,10.4927978515625,114588,1,1835914,114589
529,instant_l2,MLC_MISS_ONPATH,277687.0,247082.0,0.11021401794106314,-1.02313232421875,10.467529296875,0,0,0,114587
529,instant_llc,L1_MISS_ONPATH,50171.0,35922.0,0.28400869027924497,-2.074462890625,10.467529296875,0,0,0,114587
529,instant_both,L1_MISS_ONPATH,50171.0,36123.0,0.28000239181997566,-2.048583984375,10.467529296875,0,0,0,114587
529,stream_l2_2k,MLC_MISS_ONPATH,277687.0,111390.0,0.5988649090522783,1.50872802734375,10.467529296875,112018,2569,576821,114587
529,stream_l2_20k,MLC_MISS_ONPATH,277687.0,109178.0,0.6068307122767721,1.50775146484375,10.467529296875,113599,988,589718,114587
529,stream_l2_200k,MLC_MISS_ONPATH,277687.0,108923.0,0.6077490123772449,1.5240478515625,10.467529296875,114581,6,599535,114587
529,stream_l2_bulk,MLC_MISS_ONPATH,277687.0,180522.0,0.34990835004879595,5.6376953125,10.467529296875,114581,6,1740121,114587
529,stream_llc_2k,L1_MISS_ONPATH,50171.0,19396.0,0.613402164597078,-0.04571533203125,10.467529296875,113612,975,301386,114587
529,stream_llc_20k,L1_MISS_ONPATH,50171.0,19705.0,0.6072432281596939,0.0439453125,10.467529296875,114280,307,441386,114587
529,stream_llc_200k,L1_MISS_ONPATH,50171.0,14335.0,0.7142771720715154,-0.3187255859375,10.467529296875,114586,1,543680,114587
529,stream_llc_bulk,L1_MISS_ONPATH,50171.0,37783.0,0.24691554882302524,4.0924072265625,10.467529296875,114586,1,1835329,114587
526,instant_l2,MLC_MISS_ONPATH,278331.0,247388.0,0.11117338708228691,-1.006103515625,10.5086669921875,0,0,0,114590
526,instant_llc,L1_MISS_ONPATH,50632.0,36211.0,0.28481987675778164,-2.06317138671875,10.5086669921875,0,0,0,114590
526,instant_both,L1_MISS_ONPATH,50632.0,36384.0,0.2814030652551746,-2.0672607421875,10.5086669921875,0,0,0,114590
526,stream_l2_2k,MLC_MISS_ONPATH,278331.0,112946.0,0.5942025861294645,1.50408935546875,10.5086669921875,112125,2465,573498,114590
526,stream_l2_20k,MLC_MISS_ONPATH,278331.0,110214.0,0.6040182372786359,1.5164794921875,10.5086669921875,113601,989,595685,114590
526,stream_l2_200k,MLC_MISS_ONPATH,278331.0,109804.0,0.6054913035199098,1.48388671875,10.5086669921875,114580,10,609954,114590
526,stream_l2_bulk,MLC_MISS_ONPATH,278331.0,181400.0,0.34825800934858137,4.96990966796875,10.5086669921875,114580,10,1741729,114590
526,stream_llc_2k,L1_MISS_ONPATH,50632.0,19222.0,0.6203586664559962,-0.0518798828125,10.5086669921875,113744,846,306016,114590
526,stream_llc_20k,L1_MISS_ONPATH,50632.0,19992.0,0.6051508927160689,-0.00970458984375,10.5086669921875,114280,310,445131,114590
526,stream_llc_200k,L1_MISS_ONPATH,50632.0,15633.0,0.6912426923684626,-0.1182861328125,10.5086669921875,114589,1,423826,114590
526,stream_llc_bulk,L1_MISS_ONPATH,50632.0,40494.0,0.20022910412387424,3.8582763671875,10.5086669921875,114589,1,1677682,114590
564,instant_l2,MLC_MISS_ONPATH,279029.0,247725.0,0.11218905561787484,-1.01434326171875,10.49072265625,0,0,0,114593
564,instant_llc,L1_MISS_ONPATH,49951.0,36198.0,0.27532982322676225,-2.059326171875,10.49072265625,0,0,0,114593
564,instant_both,L1_MISS_ONPATH,49951.0,36298.0,0.273327861304078,-2.040283203125,10.49072265625,0,0,0,114593
564,stream_l2_2k,MLC_MISS_ONPATH,279029.0,111763.0,0.5994574040691111,1.467041015625,10.49072265625,111997,2596,581516,114593
564,stream_l2_20k,MLC_MISS_ONPATH,279029.0,108764.0,0.6102053908375115,1.490234375,10.49072265625,113610,983,593319,114593
564,stream_l2_200k,MLC_MISS_ONPATH,279029.0,108811.0,0.6100369495643821,1.47833251953125,10.49072265625,114580,13,608447,114593
564,stream_l2_bulk,MLC_MISS_ONPATH,279029.0,180168.0,0.354303674528454,5.65509033203125,10.49072265625,114580,13,1733715,114593
564,stream_llc_2k,L1_MISS_ONPATH,49951.0,18963.0,0.6203679606013893,-0.0194091796875,10.49072265625,113649,944,286625,114593
564,stream_llc_20k,L1_MISS_ONPATH,49951.0,19360.0,0.612420171768333,0.0391845703125,10.49072265625,114295,298,441665,114593
564,stream_llc_200k,L1_MISS_ONPATH,49951.0,15243.0,0.6948409441252428,-0.15179443359375,10.49072265625,114592,1,407109,114593
564,stream_llc_bulk,L1_MISS_ONPATH,49951.0,40218.0,0.19485095393485616,3.8597412109375,10.49072265625,114592,1,1652536,114593
569,instant_l2,MLC_MISS_ONPATH,278984.0,249491.0,0.10571573997075101,-0.98687744140625,10.49072265625,0,0,0,114590
569,instant_llc,L1_MISS_ONPATH,50109.0,36103.0,0.27951066674649266,-2.03887939453125,10.49072265625,0,0,0,114590
569,instant_both,L1_MISS_ONPATH,50109.0,36298.0,0.27561915025244965,-2.03131103515625,10.49072265625,0,0,0,114590
569,stream_l2_2k,MLC_MISS_ONPATH,278984.0,113829.0,0.5919873541134976,1.5286865234375,10.49072265625,112040,2550,578598,114590
569,stream_l2_20k,MLC_MISS_ONPATH,278984.0,110815.0,0.6027908410518166,1.517822265625,10.49072265625,113513,1077,593609,114590
569,stream_l2_200k,MLC_MISS_ONPATH,278984.0,111036.0,0.6019986809279385,1.50927734375,10.49072265625,114580,10,606560,114590
569,stream_l2_bulk,MLC_MISS_ONPATH,278984.0,182463.0,0.34597324577753563,5.67047119140625,10.49072265625,114580,10,1742690,114590
569,stream_llc_2k,L1_MISS_ONPATH,50109.0,19315.0,0.6145403021413319,0.00469970703125,10.49072265625,113791,799,317412,114590
569,stream_llc_20k,L1_MISS_ONPATH,50109.0,19750.0,0.6058592268853898,0.06939697265625,10.49072265625,114288,302,433522,114590
569,stream_llc_200k,L1_MISS_ONPATH,50109.0,15574.0,0.6891975493424335,-0.12152099609375,10.49072265625,114589,1,412668,114590
569,stream_llc_bulk,L1_MISS_ONPATH,50109.0,39885.0,0.20403520325689997,3.864013671875,10.49072265625,114589,1,1667918,114590
531,instant_l2,MLC_MISS_ONPATH,278518.0,247362.0,0.11186350612886779,-0.97698974609375,10.4765625,0,0,0,114591
531,instant_llc,L1_MISS_ONPATH,50016.0,36380.0,0.27263275751759436,-2.04296875,10.4765625,0,0,0,114591
531,instant_both,L1_MISS_ONPATH,50016.0,36375.0,0.2727327255278311,-2.04595947265625,10.4765625,0,0,0,114591
531,stream_l2_2k,MLC_MISS_ONPATH,278518.0,112499.0,0.5960799661063199,1.52862548828125,10.4765625,111934,2657,585457,114591
531,stream_l2_20k,MLC_MISS_ONPATH,278518.0,110315.0,0.6039214700665666,1.53863525390625,10.4765625,113648,943,587551,114591
531,stream_l2_200k,MLC_MISS_ONPATH,278518.0,109782.0,0.6058351704378173,1.48809814453125,10.4765625,114580,11,610148,114591
531,stream_l2_bulk,MLC_MISS_ONPATH,278518.0,180697.0,0.3512196698238534,4.98529052734375,10.4765625,114581,10,1746073,114591
531,stream_llc_2k,L1_MISS_ONPATH,50016.0,19276.0,0.6146033269353807,-0.01043701171875,10.4765625,113744,847,280943,114591
531,stream_llc_20k,L1_MISS_ONPATH,50016.0,19576.0,0.6086052463211772,0.01922607421875,10.4765625,114242,349,445616,114591
531,stream_llc_200k,L1_MISS_ONPATH,50016.0,14638.0,0.7073336532309661,-0.25592041015625,10.4765625,114590,1,550300,114591
531,stream_llc_bulk,L1_MISS_ONPATH,50016.0,37906.0,0.24212252079334612,4.11865234375,10.4765625,114590,1,1855790,114591
524,instant_l2,MLC_MISS_ONPATH,278110.0,248486.0,0.10651900327208659,-1.0146484375,10.50482177734375,0,0,0,114592
524,instant_llc,L1_MISS_ONPATH,50409.0,36244.0,0.2810014084786447,-2.02850341796875,10.50482177734375,0,0,0,114592
524,instant_both,L1_MISS_ONPATH,50409.0,35939.0,0.2870519153325795,-2.087646484375,10.50482177734375,0,0,0,114592
524,stream_l2_2k,MLC_MISS_ONPATH,278110.0,111791.0,0.5980331523497896,1.4786376953125,10.50482177734375,112105,2487,578930,114592
524,stream_l2_20k,MLC_MISS_ONPATH,278110.0,109439.0,0.6064902376757398,1.4910888671875,10.50482177734375,113630,962,595075,114592
524,stream_l2_200k,MLC_MISS_ONPATH,278110.0,109583.0,0.6059724569414979,1.49969482421875,10.50482177734375,114582,10,613119,114592
524,stream_l2_bulk,MLC_MISS_ONPATH,278110.0,180091.0,0.3524468735392471,5.62420654296875,10.50482177734375,114582,10,1742278,114592
524,stream_llc_2k,L1_MISS_ONPATH,50409.0,19305.0,0.6170326727370112,-0.03289794921875,10.50482177734375,113566,1026,283446,114592
524,stream_llc_20k,L1_MISS_ONPATH,50409.0,19088.0,0.6213374595806305,-0.0478515625,10.50482177734375,114295,297,421822,114592
524,stream_llc_200k,L1_MISS_ONPATH,50409.0,15404.0,0.694419647285207,-0.1705322265625,10.50482177734375,114591,1,408332,114592
524,stream_llc_bulk,L1_MISS_ONPATH,50409.0,40441.0,0.19774246662302367,3.8602294921875,10.50482177734375,114591,1,1674491,114592
522,instant_l2,MLC_MISS_ONPATH,279801.0,250118.0,0.10608611120046033,-1.0411376953125,10.5145263671875,0,0,0,114591
522,instant_llc,L1_MISS_ONPATH,50341.0,36459.0,0.27575932142786197,-2.06134033203125,10.5145263671875,0,0,0,114591
522,instant_both,L1_MISS_ONPATH,50341.0,36931.0,0.26638326612502733,-2.0220947265625,10.5145263671875,0,0,0,114591
522,stream_l2_2k,MLC_MISS_ONPATH,279801.0,113766.0,0.5934038834743264,1.477294921875,10.5145263671875,112042,2549,570110,114591
522,stream_l2_20k,MLC_MISS_ONPATH,279801.0,111473.0,0.6015989935704305,1.487548828125,10.5145263671875,113531,1060,584958,114591
522,stream_l2_200k,MLC_MISS_ONPATH,279801.0,111326.0,0.6021243669608043,1.45556640625,10.5145263671875,114585,6,605359,114591
522,stream_l2_bulk,MLC_MISS_ONPATH,279801.0,183090.0,0.34564208133637836,5.654052734375,10.5145263671875,114585,6,1744070,114591
522,stream_llc_2k,L1_MISS_ONPATH,50341.0,19364.0,0.6153433582964184,-0.03106689453125,10.5145263671875,113777,814,301508,114591
522,stream_llc_20k,L1_MISS_ONPATH,50341.0,19847.0,0.6057487932301703,0.04547119140625,10.5145263671875,114287,304,438405,114591
522,stream_llc_200k,L1_MISS_ONPATH,50341.0,15036.0,0.7013170179376651,-0.18603515625,10.5145263671875,114590,1,458511,114591
522,stream_llc_bulk,L1_MISS_ONPATH,50341.0,39890.0,0.20760413976679049,3.80126953125,10.5145263671875,114590,1,1665741,114591
528,instant_l2,MLC_MISS_ONPATH,276830.0,247045.0,0.10759310768341582,-0.98052978515625,10.50048828125,0,0,0,114586
528,instant_llc,L1_MISS_ONPATH,50000.0,36347.0,0.27306,-2.039306640625,10.50048828125,0,0,0,114586
528,instant_both,L1_MISS_ONPATH,50000.0,36377.0,0.27246,-2.03265380859375,10.50048828125,0,0,0,114586
528,stream_l2_2k,MLC_MISS_ONPATH,276830.0,112480.0,0.5936856554564173,1.49798583984375,10.50048828125,111944,2642,585357,114586
528,stream_l2_20k,MLC_MISS_ONPATH,276830.0,109931.0,0.6028934725282664,1.51165771484375,10.50048828125,113588,998,602600,114586
528,stream_l2_200k,MLC_MISS_ONPATH,276830.0,109307.0,0.6051475634866164,1.50396728515625,10.50048828125,114576,10,620743,114586
528,stream_l2_bulk,MLC_MISS_ONPATH,276830.0,180713.0,0.3472058664162121,4.9932861328125,10.50048828125,114576,10,1751417,114586
528,stream_llc_2k,L1_MISS_ONPATH,50000.0,19559.0,0.60882,-0.0142822265625,10.50048828125,113524,1062,299643,114586
528,stream_llc_20k,L1_MISS_ONPATH,50000.0,20151.0,0.59698,0.08392333984375,10.50048828125,114272,314,422556,114586
528,stream_llc_200k,L1_MISS_ONPATH,50000.0,15262.0,0.69476,-0.1949462890625,10.50048828125,114585,1,432482,114586
528,stream_llc_bulk,L1_MISS_ONPATH,50000.0,39039.0,0.21922,3.9163818359375,10.50048828125,114585,1,1713377,114586
560,instant_l2,MLC_MISS_ONPATH,278523.0,247613.0,0.11097826750394042,-0.9803466796875,10.50091552734375,0,0,0,114589
560,instant_llc,L1_MISS_ONPATH,50013.0,36395.0,0.27228920480675023,-2.06634521484375,10.50091552734375,0,0,0,114589
560,instant_both,L1_MISS_ONPATH,50013.0,36470.0,0.2707895947053766,-2.0206298828125,10.50091552734375,0,0,0,114589
560,stream_l2_2k,MLC_MISS_ONPATH,278523.0,112094.0,0.597541316157014,1.4859619140625,10.50091552734375,111975,2614,578916,114589
560,stream_l2_20k,MLC_MISS_ONPATH,278523.0,109505.0,0.6068367782912004,1.517333984375,10.50091552734375,113684,905,595392,114589
560,stream_l2_200k,MLC_MISS_ONPATH,278523.0,109840.0,0.6056340050911415,1.522705078125,10.50091552734375,114579,10,608076,114589
560,stream_l2_bulk,MLC_MISS_ONPATH,278523.0,180489.0,0.3519781131181267,5.6729736328125,10.50091552734375,114579,10,1745312,114589
560,stream_llc_2k,L1_MISS_ONPATH,50013.0,19280.0,0.6145002299402156,-0.003173828125,10.50091552734375,113774,815,283998,114589
560,stream_llc_20k,L1_MISS_ONPATH,50013.0,19724.0,0.6056225381400836,0.038818359375,10.50091552734375,114282,307,430308,114589
560,stream_llc_200k,L1_MISS_ONPATH,50013.0,15426.0,0.6915601943494691,-0.139892578125,10.50091552734375,114588,1,428586,114589
560,stream_llc_bulk,L1_MISS_ONPATH,50013.0,39949.0,0.20122768080299122,3.86016845703125,10.50091552734375,114588,1,1666606,114589
553,instant_l2,MLC_MISS_ONPATH,278428.0,247775.0,0.11009309408536498,-0.99261474609375,10.43988037109375,0,0,0,114589
553,instant_llc,L1_MISS_ONPATH,50098.0,36216.0,0.277096890095413,-2.05145263671875,10.43988037109375,0,0,0,114589
553,instant_both,L1_MISS_ONPATH,50098.0,35959.0,0.2822268354026109,-2.031494140625,10.43988037109375,0,0,0,114589
553,stream_l2_2k,MLC_MISS_ONPATH,278428.0,111630.0,0.59907049578347,1.51318359375,10.43988037109375,111913,2676,569919,114589
553,stream_l2_20k,MLC_MISS_ONPATH,278428.0,108735.0,0.609468156938239,1.49847412109375,10.43988037109375,113588,1001,588592,114589
553,stream_l2_200k,MLC_MISS_ONPATH,278428.0,108780.0,0.6093065352622581,1.50299072265625,10.43988037109375,114579,10,591602,114589
553,stream_l2_bulk,MLC_MISS_ONPATH,278428.0,180793.0,0.35066516298648126,5.66290283203125,10.43988037109375,114579,10,1735519,114589
553,stream_llc_2k,L1_MISS_ONPATH,50098.0,19049.0,0.6197652600902231,-0.00030517578125,10.43988037109375,113684,905,283414,114589
553,stream_llc_20k,L1_MISS_ONPATH,50098.0,19577.0,0.6092259172022835,0.01715087890625,10.43988037109375,114245,344,448179,114589
553,stream_llc_200k,L1_MISS_ONPATH,50098.0,15036.0,0.6998682582139008,-0.17303466796875,10.43988037109375,114588,1,418952,114589
553,stream_llc_bulk,L1_MISS_ONPATH,50098.0,40035.0,0.20086630204798595,3.89398193359375,10.43988037109375,114588,1,1675997,114589
565,instant_l2,MLC_MISS_ONPATH,279380.0,247794.0,0.11305748442980887,-1.002685546875,10.48699951171875,0,0,0,114578
565,instant_llc,L1_MISS_ONPATH,50184.0,36110.0,0.2804479515383389,-2.01556396484375,10.48699951171875,0,0,0,114578
565,instant_both,L1_MISS_ONPATH,50184.0,36132.0,0.2800095648015304,-2.0213623046875,10.48699951171875,0,0,0,114578
565,stream_l2_2k,MLC_MISS_ONPATH,279380.0,112249.0,0.5982210609206099,1.53643798828125,10.48699951171875,111918,2660,580498,114578
565,stream_l2_20k,MLC_MISS_ONPATH,279380.0,109520.0,0.6079891187629751,1.54486083984375,10.48699951171875,113549,1029,593542,114578
565,stream_l2_200k,MLC_MISS_ONPATH,279380.0,109145.0,0.6093313766196579,1.5272216796875,10.48699951171875,114552,26,606003,114578
565,stream_l2_bulk,MLC_MISS_ONPATH,279380.0,180652.0,0.3533824897988403,5.0106201171875,10.48699951171875,114552,26,1744348,114578
565,stream_llc_2k,L1_MISS_ONPATH,50184.0,19516.0,0.6111111111111112,0.001220703125,10.48699951171875,113610,968,302072,114578
565,stream_llc_20k,L1_MISS_ONPATH,50184.0,19399.0,0.6134425314841384,0.02197265625,10.48699951171875,114268,310,430211,114578
565,stream_llc_200k,L1_MISS_ONPATH,50184.0,15217.0,0.6967758648174717,-0.14324951171875,10.48699951171875,114577,1,420757,114578
565,stream_llc_bulk,L1_MISS_ONPATH,50184.0,40437.0,0.19422525107604016,3.8721923828125,10.48699951171875,114577,1,1658581,114578
547,instant_l2,MLC_MISS_ONPATH,278821.0,248838.0,0.10753494177267853,-0.9798583984375,10.4803466796875,0,0,0,114588
547,instant_llc,L1_MISS_ONPATH,50068.0,36323.0,0.2745266437644803,-2.0087890625,10.4803466796875,0,0,0,114588
547,instant_both,L1_MISS_ONPATH,50068.0,36355.0,0.27388751298234404,-2.0343017578125,10.4803466796875,0,0,0,114588
547,stream_l2_2k,MLC_MISS_ONPATH,278821.0,112715.0,0.5957442229961157,1.49908447265625,10.4803466796875,112074,2514,580046,114588
547,stream_l2_20k,MLC_MISS_ONPATH,278821.0,110513.0,0.6036417629948964,1.5255126953125,10.4803466796875,113703,885,603727,114588
547,stream_l2_200k,MLC_MISS_ONPATH,278821.0,110246.0,0.6045993666187267,1.5118408203125,10.4803466796875,114575,13,621567,114588
547,stream_l2_bulk,MLC_MISS_ONPATH,278821.0,181995.0,0.347269395059913,5.6585693359375,10.4803466796875,114575,13,1745639,114588
547,stream_llc_2k,L1_MISS_ONPATH,50068.0,19338.0,0.6137652792202605,-0.0196533203125,10.4803466796875,113678,910,295244,114588
547,stream_llc_20k,L1_MISS_ONPATH,50068.0,19726.0,0.6060158184868579,0.00189208984375,10.4803466796875,114249,339,444050,114588
547,stream_llc_200k,L1_MISS_ONPATH,50068.0,15714.0,0.6861468402971959,-0.08294677734375,10.4803466796875,114587,1,396125,114588
547,stream_llc_bulk,L1_MISS_ONPATH,50068.0,40456.0,0.19197890868418951,3.88134765625,10.4803466796875,114587,1,1671689,114588
548,instant_l2,MLC_MISS_ONPATH,278086.0,248033.0,0.10807088454650719,-0.98944091796875,10.43536376953125,0,0,0,114655
548,instant_llc,L1_MISS_ONPATH,49899.0,36134.0,0.27585723160784786,-2.0140380859375,10.43536376953125,0,0,0,114655
548,instant_both,L1_MISS_ONPATH,49899.0,35748.0,0.283592857572296,-2.06573486328125,10.43536376953125,0,0,0,114655
548,stream_l2_2k,MLC_MISS_ONPATH,278086.0,111616.0,0.5986277626345806,1.52203369140625,10.43536376953125,112111,2544,576850,114655
548,stream_l2_20k,MLC_MISS_ONPATH,278086.0,108928.0,0.6082938371582891,1.57061767578125,10.43536376953125,113795,860,583812,114655
548,stream_l2_200k,MLC_MISS_ONPATH,278086.0,108940.0,0.6082506850398798,1.5242919921875,10.43536376953125,114654,1,591290,114655
548,stream_l2_bulk,MLC_MISS_ONPATH,278086.0,181166.0,0.34852527635335834,5.69287109375,10.43536376953125,114654,1,1752069,114655
548,stream_llc_2k,L1_MISS_ONPATH,49899.0,19404.0,0.6111344916731798,0.00689697265625,10.43536376953125,113788,867,301846,114655
548,stream_llc_20k,L1_MISS_ONPATH,49899.0,19558.0,0.6080482574801098,0.04705810546875,10.43536376953125,114342,313,424823,114655
548,stream_llc_200k,L1_MISS_ONPATH,49899.0,15471.0,0.689953706487104,-0.091064453125,10.43536376953125,114654,1,471688,114655
548,stream_llc_bulk,L1_MISS_ONPATH,49899.0,38643.0,0.22557566283893465,3.89544677734375,10.43536376953125,114654,1,1723476,114655
558,instant_l2,MLC_MISS_ONPATH,278794.0,248120.0,0.11002388860592409,-1.01873779296875,10.49554443359375,0,0,0,114591
558,instant_llc,L1_MISS_ONPATH,50722.0,36514.0,0.28011513741571703,-2.0447998046875,10.49554443359375,0,0,0,114591
558,instant_both,L1_MISS_ONPATH,50722.0,36600.0,0.2784196206774181,-2.05810546875,10.49554443359375,0,0,0,114591
558,stream_l2_2k,MLC_MISS_ONPATH,278794.0,112478.0,0.5965551625931691,1.44921875,10.49554443359375,112090,2501,572038,114591
558,stream_l2_20k,MLC_MISS_ONPATH,278794.0,110389.0,0.6040481502471359,1.47662353515625,10.49554443359375,113628,963,595229,114591
558,stream_l2_200k,MLC_MISS_ONPATH,278794.0,110206.0,0.6047045488783833,1.47430419921875,10.49554443359375,114581,10,608128,114591
558,stream_l2_bulk,MLC_MISS_ONPATH,278794.0,181720.0,0.3481925722935214,4.968505859375,10.49554443359375,114581,10,1732163,114591
558,stream_llc_2k,L1_MISS_ONPATH,50722.0,19237.0,0.6207365640156145,-0.020751953125,10.49554443359375,113817,774,298229,114591
558,stream_llc_20k,L1_MISS_ONPATH,50722.0,19446.0,0.6166160640353299,-0.0245361328125,10.49554443359375,114280,311,432084,114591
558,stream_llc_200k,L1_MISS_ONPATH,50722.0,13862.0,0.7267063601592997,-0.34332275390625,10.49554443359375,114590,1,547174,114591
558,stream_llc_bulk,L1_MISS_ONPATH,50722.0,37932.0,0.2521588265446946,4.1177978515625,10.49554443359375,114590,1,1825796,114591
568,instant_l2,MLC_MISS_ONPATH,278843.0,248863.0,0.10751569879824847,-1.0386962890625,10.47332763671875,0,0,0,114580
568,instant_llc,L1_MISS_ONPATH,50101.0,36497.0,0.27153150635715856,-2.03631591796875,10.47332763671875,0,0,0,114580
568,instant_both,L1_MISS_ONPATH,50101.0,36193.0,0.2775992495159777,-2.084716796875,10.47332763671875,0,0,0,114580
568,stream_l2_2k,MLC_MISS_ONPATH,278843.0,112263.0,0.5973971015948042,1.4671630859375,10.47332763671875,112041,2539,573543,114580
568,stream_l2_20k,MLC_MISS_ONPATH,278843.0,110098.0,0.6051613273419092,1.50494384765625,10.47332763671875,113698,882,580589,114580
568,stream_l2_200k,MLC_MISS_ONPATH,278843.0,110460.0,0.6038631057620238,1.48919677734375,10.47332763671875,114576,4,606203,114580
568,stream_l2_bulk,MLC_MISS_ONPATH,278843.0,181624.0,0.34865139164332615,5.6494140625,10.47332763671875,114570,10,1738890,114580
568,stream_llc_2k,L1_MISS_ONPATH,50101.0,19590.0,0.6089898405221452,0.01220703125,10.47332763671875,113638,942,311082,114580
568,stream_llc_20k,L1_MISS_ONPATH,50101.0,19262.0,0.615536616035608,0.0277099609375,10.47332763671875,114274,306,401396,114580
568,stream_llc_200k,L1_MISS_ONPATH,50101.0,15559.0,0.6894473164208299,-0.11334228515625,10.47332763671875,114579,1,417556,114580
568,stream_llc_bulk,L1_MISS_ONPATH,50101.0,39808.0,0.2054450010977825,3.88134765625,10.47332763671875,114579,1,1680734,114580
521,instant_l2,MLC_MISS_ONPATH,278123.0,247894.0,0.1086893209119706,-0.96685791015625,10.45733642578125,0,0,0,114922
521,instant_llc,L1_MISS_ONPATH,49732.0,36386.0,0.26835840102951825,-1.99798583984375,10.45733642578125,0,0,0,114922
521,instant_both,L1_MISS_ONPATH,49732.0,36345.0,0.269182819914743,-1.984375,10.45733642578125,0,0,0,114922
521,stream_l2_2k,MLC_MISS_ONPATH,278123.0,112553.0,0.5953121460648706,1.556396484375,10.45733642578125,112327,2595,568545,114922
521,stream_l2_20k,MLC_MISS_ONPATH,278123.0,109600.0,0.605929750506071,1.58856201171875,10.45733642578125,114019,903,579978,114922
521,stream_l2_200k,MLC_MISS_ONPATH,278123.0,109805.0,0.6051926665540067,1.558837890625,10.45733642578125,114907,15,601767,114922
521,stream_l2_bulk,MLC_MISS_ONPATH,278123.0,181584.0,0.3471090129187446,5.73272705078125,10.45733642578125,114910,12,1739942,114922
521,stream_llc_2k,L1_MISS_ONPATH,49732.0,18462.0,0.6287702083165768,-0.005859375,10.45733642578125,114124,798,258534,114922
521,stream_llc_20k,L1_MISS_ONPATH,49732.0,19372.0,0.6104721306201238,0.09368896484375,10.45733642578125,114614,308,425603,114922
521,stream_llc_200k,L1_MISS_ONPATH,49732.0,14230.0,0.7138663234939274,-0.24365234375,10.45733642578125,114921,1,538024,114922
521,stream_llc_bulk,L1_MISS_ONPATH,49732.0,37622.0,0.2435051878066436,4.16192626953125,10.45733642578125,114921,1,1811576,114922
543,instant_l2,MLC_MISS_ONPATH,278426.0,248361.0,0.10798201317405702,-1.01080322265625,10.46697998046875,0,0,0,114627
543,instant_llc,L1_MISS_ONPATH,50026.0,36167.0,0.2770359413105185,-2.01605224609375,10.46697998046875,0,0,0,114627
543,instant_both,L1_MISS_ONPATH,50026.0,36200.0,0.2763762843321473,-2.06219482421875,10.46697998046875,0,0,0,114627
543,stream_l2_2k,MLC_MISS_ONPATH,278426.0,112134.0,0.5972574400379275,1.50604248046875,10.46697998046875,112025,2602,574321,114627
543,stream_l2_20k,MLC_MISS_ONPATH,278426.0,109462.0,0.606854244934022,1.5164794921875,10.46697998046875,113696,931,590297,114627
543,stream_l2_200k,MLC_MISS_ONPATH,278426.0,109303.0,0.6074253122912372,1.487548828125,10.46697998046875,114617,10,600087,114627
543,stream_l2_bulk,MLC_MISS_ONPATH,278426.0,180714.0,0.35094423652963447,5.694091796875,10.46697998046875,114617,10,1747180,114627
543,stream_llc_2k,L1_MISS_ONPATH,50026.0,19315.0,0.6139007715987687,-0.00909423828125,10.46697998046875,113745,882,299753,114627
543,stream_llc_20k,L1_MISS_ONPATH,50026.0,19314.0,0.6139207612041738,-0.0169677734375,10.46697998046875,114305,322,458785,114627
543,stream_llc_200k,L1_MISS_ONPATH,50026.0,15189.0,0.6963778835005797,-0.1429443359375,10.46697998046875,114626,1,418895,114627
543,stream_llc_bulk,L1_MISS_ONPATH,50026.0,40328.0,0.19385919321952585,3.85540771484375,10.46697998046875,114626,1,1667583,114627
532,instant_l2,MLC_MISS_ONPATH,278426.0,249390.0,0.10428623763585297,-0.98907470703125,10.4873046875,0,0,0,114582
532,instant_llc,L1_MISS_ONPATH,50518.0,36477.0,0.27794053604655766,-2.0189208984375,10.4873046875,0,0,0,114582
532,instant_both,L1_MISS_ONPATH,50518.0,36402.0,0.27942515539015794,-2.06292724609375,10.4873046875,0,0,0,114582
532,stream_l2_2k,MLC_MISS_ONPATH,278426.0,112588.0,0.5956268451940552,1.52520751953125,10.4873046875,112105,2477,574422,114582
532,stream_l2_20k,MLC_MISS_ONPATH,278426.0,110000.0,0.6049219541278472,1.5537109375,10.4873046875,113640,942,583376,114582
532,stream_l2_200k,MLC_MISS_ONPATH,278426.0,110053.0,0.6047315983421089,1.52459716796875,10.4873046875,114581,1,609414,114582
532,stream_l2_bulk,MLC_MISS_ONPATH,278426.0,182254.0,0.34541314388742433,5.654296875,10.4873046875,114581,1,1739115,114582
532,stream_llc_2k,L1_MISS_ONPATH,50518.0,19463.0,0.6147313828734312,0.01898193359375,10.4873046875,113644,938,308165,114582
532,stream_llc_20k,L1_MISS_ONPATH,50518.0,19431.0,0.615364820460034,0.02667236328125,10.4873046875,114273,309,428410,114582
532,stream_llc_200k,L1_MISS_ONPATH,50518.0,14735.0,0.7083217862939942,-0.2574462890625,10.4873046875,114581,1,546451,114582
532,stream_llc_bulk,L1_MISS_ONPATH,50518.0,37678.0,0.25416683162437154,4.128173828125,10.4873046875,114581,1,1856345,114582
540,instant_l2,MLC_MISS_ONPATH,278791.0,248802.0,0.10756803483613173,-1.0164794921875,10.51055908203125,0,0,0,114583
540,instant_llc,L1_MISS_ONPATH,50508.0,36709.0,0.2732042448720995,-2.01458740234375,10.51055908203125,0,0,0,114583
540,instant_both,L1_MISS_ONPATH,50508.0,36597.0,0.2754217153718223,-2.06591796875,10.51055908203125,0,0,0,114583
540,stream_l2_2k,MLC_MISS_ONPATH,278791.0,112148.0,0.597734503624579,1.50299072265625,10.51055908203125,111954,2629,585670,114583
540,stream_l2_20k,MLC_MISS_ONPATH,278791.0,109318.0,0.6078854769343344,1.50299072265625,10.51055908203125,113661,922,594756,114583
540,stream_l2_200k,MLC_MISS_ONPATH,278791.0,109594.0,0.6068954880179059,1.494384765625,10.51055908203125,114573,10,600818,114583
540,stream_l2_bulk,MLC_MISS_ONPATH,278791.0,181081.0,0.35047759791384947,5.65216064453125,10.51055908203125,114573,10,1744070,114583
540,stream_llc_2k,L1_MISS_ONPATH,50508.0,19646.0,0.611031915736121,-0.0035400390625,10.51055908203125,113743,840,287835,114583
540,stream_llc_20k,L1_MISS_ONPATH,50508.0,19865.0,0.606695968955413,0.02191162109375,10.51055908203125,114288,295,416717,114583
540,stream_llc_200k,L1_MISS_ONPATH,50508.0,14213.0,0.7185990338164251,-0.2978515625,10.51055908203125,114582,1,540829,114583
540,stream_llc_bulk,L1_MISS_ONPATH,50508.0,37955.0,0.24853488556268313,4.1212158203125,10.51055908203125,114582,1,1829223,114583
562,instant_l2,MLC_MISS_ONPATH,277197.0,247721.0,0.10633592715649881,-1.024169921875,10.39349365234375,0,0,0,114347
562,instant_llc,L1_MISS_ONPATH,49926.0,36046.0,0.2780114569562953,-2.067626953125,10.39349365234375,0,0,0,114347
562,instant_both,L1_MISS_ONPATH,49926.0,36173.0,0.27546769218443296,-2.052734375,10.39349365234375,0,0,0,114347
562,stream_l2_2k,MLC_MISS_ONPATH,277197.0,112179.0,0.595309473046245,1.46270751953125,10.39349365234375,111703,2644,573394,114347
562,stream_l2_20k,MLC_MISS_ONPATH,277197.0,109929.0,0.6034264440091343,1.5177001953125,10.39349365234375,113355,992,591006,114347
562,stream_l2_200k,MLC_MISS_ONPATH,277197.0,109473.0,0.6050714834576132,1.501708984375,10.39349365234375,114317,30,604461,114347
562,stream_l2_bulk,MLC_MISS_ONPATH,277197.0,181424.0,0.34550518223501697,5.68292236328125,10.39349365234375,114305,42,1733437,114347
562,stream_llc_2k,L1_MISS_ONPATH,49926.0,18873.0,0.6219805311861555,-0.03094482421875,10.39349365234375,113493,854,292202,114347
562,stream_llc_20k,L1_MISS_ONPATH,49926.0,19101.0,0.617413772383127,0.000244140625,10.39349365234375,114071,276,441102,114347
562,stream_llc_200k,L1_MISS_ONPATH,49926.0,14973.0,0.70009614229059,-0.17181396484375,10.39349365234375,114346,1,422014,114347
562,stream_llc_bulk,L1_MISS_ONPATH,49926.0,39766.0,0.2035011817489885,3.82073974609375,10.39349365234375,114346,1,1657617,114347
554,instant_l2,MLC_MISS_ONPATH,276696.0,246689.0,0.10844753809234683,-1.0118408203125,10.35052490234375,0,0,0,114233
554,instant_llc,L1_MISS_ONPATH,49322.0,35924.0,0.2716434856656259,-2.02642822265625,10.35052490234375,0,0,0,114233
554,instant_both,L1_MISS_ONPATH,49322.0,35912.0,0.27188678480191397,-2.0430908203125,10.35052490234375,0,0,0,114233
554,stream_l2_2k,MLC_MISS_ONPATH,276696.0,111264.0,0.5978835978835979,1.505859375,10.35052490234375,111501,2732,583610,114233
554,stream_l2_20k,MLC_MISS_ONPATH,276696.0,108563.0,0.6076452135195305,1.54833984375,10.35052490234375,113235,998,589358,114233
554,stream_l2_200k,MLC_MISS_ONPATH,276696.0,108755.0,0.6069513111862839,1.53973388671875,10.35052490234375,114223,10,608626,114233
554,stream_l2_bulk,MLC_MISS_ONPATH,276696.0,179634.0,0.350789313904068,5.651611328125,10.35052490234375,114223,10,1742799,114233
554,stream_llc_2k,L1_MISS_ONPATH,49322.0,19062.0,0.6135193220064069,-0.01593017578125,10.35052490234375,113229,1004,298208,114233
554,stream_llc_20k,L1_MISS_ONPATH,49322.0,18881.0,0.6171890839787518,0.03570556640625,10.35052490234375,113893,340,444912,114233
554,stream_llc_200k,L1_MISS_ONPATH,49322.0,13821.0,0.7197802197802198,-0.30438232421875,10.35052490234375,114232,1,550430,114233
554,stream_llc_bulk,L1_MISS_ONPATH,49322.0,37122.0,0.2473541218928673,4.1055908203125,10.35052490234375,114232,1,1813309,114233
