cid,script,step,source,config,params,ok,insts,cycles,ICACHE_MISS_ONPATH,DCACHE_MISS_ONPATH,MLC_MISS_ONPATH,L1_MISS_ONPATH,L1_MISS_ALL,MLC_MISS_ALL,PREF_UL1REQ_QUEUE_SENTREQ,PREF_UMLC_REQ_QUEUE_SENTREQ,spf_dest,spf_timing,spf_lookahead,spf_width,spf_records,spf_sent,spf_late_skipped,spf_queue_stalls,spf_installed,spf_already_present,spf_instructions
501,harness,0,harness,base,PARAMS.golden_cove,1,20000001,10468598,44648,469634,33832,14635,36231,56372,8853,0,,,,,,,,,,,
501,harness,0,harness,instant_llc,PARAMS.golden_cove,1,20000001,10468598,44648,469634,33832,14635,36231,56372,8853,0,3,0,20000,4,116002,0,0,0,116002,0,20000113
501,harness,0,harness,stream_l2_bulk,PARAMS.golden_cove,1,20000001,11417307,46354,470652,38271,19282,163493,181476,9899,116001,2,1,4000000000,4,116002,116001,1,1830152,0,0,20000113
501,harness,0,harness,stream_llc_bulk,PARAMS.golden_cove,1,20000001,10842947,44727,469711,33873,15151,150783,56302,122721,0,3,1,4000000000,4,116002,116001,1,1804322,0,0,20000113
502,harness,8,harness,base,PARAMS.golden_cove,1,20000003,7766638,5421,81199,15661,12388,29399,29925,3993,0,,,,,,,,,,,
502,harness,8,harness,instant_llc,PARAMS.golden_cove,1,20000003,7766638,5421,81199,15661,12388,29399,29925,3993,0,3,0,20000,4,116002,0,0,0,116002,0,20000066
502,harness,8,harness,stream_l2_bulk,PARAMS.golden_cove,1,20000003,8313342,6671,88320,18038,14893,151827,151485,4650,116001,2,1,4000000000,4,116002,116001,1,1823824,0,0,20000066
502,harness,8,harness,stream_llc_bulk,PARAMS.golden_cove,1,20000003,8007982,5472,81853,15762,12493,143623,29901,118188,0,3,1,4000000000,4,116002,116001,1,1795227,0,0,20000066
504,harness,14,harness,base,PARAMS.golden_cove,1,20000001,9210550,13768,122179,21608,17223,41362,44411,5206,0,,,,,,,,,,,
504,harness,14,harness,instant_llc,PARAMS.golden_cove,1,20000001,9210550,13768,122179,21608,17223,41362,44411,5206,0,3,0,20000,4,116002,0,0,0,116002,0,20000585
504,harness,14,harness,stream_l2_bulk,PARAMS.golden_cove,1,20000001,9592729,14134,122536,23729,19130,156420,158921,5501,110682,2,1,4000000000,4,116002,110682,5320,1605187,0,0,20000585
504,harness,14,harness,stream_llc_bulk,PARAMS.golden_cove,1,20000001,9366953,13778,122175,21700,17439,150484,44491,114209,0,3,1,4000000000,4,116002,109536,6466,1583005,0,0,20000585
506,harness,,harness,base,PARAMS.golden_cove,1,20000004,7362386,14590,132030,13817,11452,25631,26546,2712,0,,,,,,,,,,,
506,harness,,harness,instant_llc,PARAMS.golden_cove,1,20000004,7362386,14590,132030,13817,11452,25631,26546,2712,0,3,0,20000,4,116002,0,0,0,116002,0,20000671
506,harness,,harness,stream_l2_bulk,PARAMS.golden_cove,1,20000004,7587028,15672,132072,14237,12230,133376,133444,2765,104359,2,1,4000000000,4,116002,104359,11643,1484497,0,0,20000671
506,harness,,harness,stream_llc_bulk,PARAMS.golden_cove,1,20000004,7437210,14595,132065,13804,11502,128912,26516,105967,0,3,1,4000000000,4,116002,103548,12454,1458787,0,0,20000671
507,harness,24,harness,base,PARAMS.golden_cove,1,20000003,5950771,3991,173681,22268,6646,23704,25456,16385,0,,,,,,,,,,,
507,harness,24,harness,instant_llc,PARAMS.golden_cove,1,20000003,5950771,3991,173681,22268,6646,23704,25456,16385,0,3,0,20000,4,116002,0,0,0,116002,0,20000076
507,harness,24,harness,stream_l2_bulk,PARAMS.golden_cove,1,20000003,6230222,4164,190388,23234,7961,134529,135267,16910,108271,2,1,4000000000,4,116002,108271,7731,1544534,0,0,20000076
507,harness,24,harness,stream_llc_bulk,PARAMS.golden_cove,1,20000003,6019337,3992,175551,21976,6954,126256,25304,118414,0,3,1,4000000000,4,116002,105103,10899,1458836,0,0,20000076
