task,config,startup_speedup,cpu_speedup,wall_speedup_upper,wall_min,wall_max,startup_instr_frac,startup_cycle_frac,model_frac,tool_frac,harness_frac,runs
django__django-13809,perfect_all,1.2432,1.0137,1.0046,1.0043,1.0051,0.0690,0.0693,0.752,0.193,0.055,6
django__django-13809,instant_both,1.0111,1.0008,1.0003,1.0002,1.0003,0.0690,0.0693,0.752,0.193,0.055,6
psf__requests-1142,perfect_all,1.2955,1.0177,1.0043,1.0040,1.0048,0.0763,0.0763,0.816,0.135,0.049,6
psf__requests-1142,instant_both,1.0092,1.0007,1.0002,1.0002,1.0002,0.0763,0.0763,0.816,0.135,0.049,6
pydata__xarray-2905,perfect_all,1.2955,1.0149,1.0036,1.0033,1.0039,0.0639,0.0645,0.787,0.167,0.046,6
pydata__xarray-2905,instant_both,1.0092,1.0006,1.0001,1.0001,1.0002,0.0639,0.0645,0.787,0.167,0.046,6
sphinx-doc__sphinx-8459,perfect_all,1.2955,1.0141,1.0023,1.0018,1.0027,0.0586,0.0608,0.853,0.109,0.038,6
sphinx-doc__sphinx-8459,instant_both,1.0092,1.0006,1.0001,1.0001,1.0001,0.0586,0.0608,0.853,0.109,0.038,6
sympy__sympy-11618,perfect_all,1.2955,1.0144,1.0038,1.0033,1.0045,0.0633,0.0622,0.789,0.165,0.047,6
sympy__sympy-11618,instant_both,1.0092,1.0006,1.0002,1.0001,1.0002,0.0633,0.0622,0.789,0.165,0.047,6
