task,config,cpu_speedup,tool_side,harness_side,wall_speedup_upper,wall_min,wall_max,model_frac,tool_frac,harness_frac,runs,simulated_instr_frac
django__django-13809,perfect_all,1.2784,1.2897,1.2631,1.0580,1.0533,1.0642,0.752,0.193,0.055,6,0.920
django__django-13809,stream_llc_20k,1.0334,1.0336,1.0332,1.0081,1.0075,1.0089,0.752,0.193,0.055,6,0.920
django__django-13809,stream_l2_20k,1.0339,1.0334,1.0345,1.0081,1.0075,1.0090,0.752,0.193,0.055,6,0.920
psf__requests-1142,perfect_all,1.3464,1.3101,1.3933,1.0481,1.0445,1.0535,0.816,0.135,0.049,6,0.983
psf__requests-1142,stream_llc_20k,1.0384,1.0230,1.0578,1.0058,1.0053,1.0064,0.816,0.135,0.049,6,0.983
psf__requests-1142,stream_l2_20k,1.0413,1.0171,1.0722,1.0056,1.0052,1.0062,0.816,0.135,0.049,6,0.983
pydata__xarray-2905,perfect_all,1.3217,1.2920,1.3894,1.0533,1.0474,1.0585,0.787,0.167,0.046,6,0.978
pydata__xarray-2905,stream_llc_20k,1.0277,1.0131,1.0598,1.0048,1.0042,1.0053,0.787,0.167,0.046,6,0.978
pydata__xarray-2905,stream_l2_20k,1.0259,1.0039,1.0759,1.0039,1.0034,1.0043,0.787,0.167,0.046,6,0.978
sphinx-doc__sphinx-8459,perfect_all,1.3133,1.2981,1.3455,1.0361,1.0298,1.0436,0.853,0.109,0.038,6,0.983
sphinx-doc__sphinx-8459,stream_llc_20k,1.0316,1.0171,1.0624,1.0041,1.0035,1.0049,0.853,0.109,0.038,6,0.983
sphinx-doc__sphinx-8459,stream_l2_20k,1.0320,1.0091,1.0819,1.0039,1.0034,1.0046,0.853,0.109,0.038,6,0.983
sympy__sympy-11618,perfect_all,1.3312,1.2822,1.4163,1.0526,1.0449,1.0622,0.789,0.165,0.047,6,0.941
sympy__sympy-11618,stream_llc_20k,1.0347,1.0207,1.0576,1.0059,1.0051,1.0070,0.789,0.165,0.047,6,0.941
sympy__sympy-11618,stream_l2_20k,1.0361,1.0149,1.0712,1.0056,1.0048,1.0066,0.789,0.165,0.047,6,0.941
