task,run,harness,tool,model,total
django__django-13809,run1,4.017,12.444,49.298,65.758
django__django-13809,run2,3.769,13.989,47.329,65.086
django__django-13809,run3,4.135,15.212,64.25,83.598
django__django-13809,run4,3.982,15.331,65.063,84.376
django__django-13809,run5,3.971,15.047,59.661,78.679
django__django-13809,run6,3.917,12.948,47.331,64.197
psf__requests-1142,run1,4.492,12.688,66.899,84.079
psf__requests-1142,run2,3.999,11.05,72.818,87.867
psf__requests-1142,run3,4.148,11.743,65.465,81.356
psf__requests-1142,run4,4.113,11.136,72.459,87.708
psf__requests-1142,run5,4.348,11.748,72.324,88.42
psf__requests-1142,run6,3.822,10.253,64.672,78.747
pydata__xarray-2905,run1,4.61,17.376,93.36,115.346
pydata__xarray-2905,run2,6.138,22.25,102.525,130.913
pydata__xarray-2905,run3,5.039,19.292,95.71,120.041
pydata__xarray-2905,run4,5.671,20.398,86.309,112.378
pydata__xarray-2905,run5,4.928,17.544,74.259,96.731
pydata__xarray-2905,run6,5.454,19.979,99.874,125.307
sphinx-doc__sphinx-8459,run1,6.646,17.156,171.123,194.925
sphinx-doc__sphinx-8459,run2,6.392,19.508,146.964,172.865
sphinx-doc__sphinx-8459,run3,5.641,17.142,137.662,160.444
sphinx-doc__sphinx-8459,run4,6.744,18.113,127.14,151.997
sphinx-doc__sphinx-8459,run5,6.83,17.911,166.918,191.658
sphinx-doc__sphinx-8459,run6,5.806,17.264,107.564,130.634
sympy__sympy-11618,run1,3.865,13.435,77.945,95.245
sympy__sympy-11618,run2,3.761,13.582,65.612,82.955
sympy__sympy-11618,run3,3.992,15.659,77.206,96.858
sympy__sympy-11618,run4,3.555,11.741,52.532,67.828
sympy__sympy-11618,run5,3.689,13.048,66.263,83.001
sympy__sympy-11618,run6,3.597,12.257,48.295,64.149
