step,startup,setup,step_self,messages,model_query,parse,handle_action,communicate,get_state,add_history,add_trajectory,save_trajectory,get_traj_data,gc,run,forward,edited_files,between
0,10656524833,50451087,0,0,0,0,0,69457516,3214702,0,0,0,0,25562395,11008742,0,0,1474816429
1,0,0,2453231,36148,1175218080,1372103,402439,5696992,3080668,9349037,21300,1623087,940950,50516829,0,34602106,19783,0
2,0,0,2424889,41181,56776157,1349523,489888,4383686,3056268,5369275,20871,2580031,1371438,400348,0,3715303,19925,0
3,0,0,2414623,42943,60539742,2631316,631335,5553085,3049510,226888973,17372,5067851,1935211,6427717,0,4790642,19129,0
4,0,0,2444825,46981,89225836,1339713,754483,4448053,3153225,4378072,17333,7139562,2631947,321298,0,5811176,19038,0
5,0,0,2421779,52113,92208054,5597448,886016,4823043,3057932,16530948,17624,9513477,3482613,398614,0,4759675,19148,0
6,0,0,2426744,56699,98109262,1331913,1018524,4926861,3053189,8472504,17324,12151913,4454242,385116,0,6312531,19048,0
7,0,0,2419435,61418,102760102,2630412,1161208,4491841,3051339,89730687,17332,15460184,5582129,1199018,0,5506183,19067,0
8,0,0,2422712,66211,116062416,1335262,1290541,5620817,3057594,8500476,17344,18838775,6837797,711752,0,6818297,19104,0
9,0,0,2418236,71171,121014047,4952866,1431953,4750798,3046117,9980175,17478,22464948,8228681,381421,0,6581308,19087,0
10,0,0,2430901,76236,149661136,4125543,1938916,14761476,3046497,4113904,17327,26580210,9741466,2427178,0,65791039,19059,0
11,0,0,2419859,80652,147808250,4095958,1925674,10789668,3053672,3981127,17390,31014340,11443434,1312012,0,41132995,19176,0
12,0,0,2437343,85283,137160656,1325952,1832922,4316693,3047633,8012982,17334,35642841,13207842,700239,0,5033330,19011,0
13,0,0,2428636,90286,173288100,4135510,2403800,15796932,3049390,4103196,17376,40844098,15148704,3125668,0,71117706,19117,0
14,0,0,2428097,94933,149129114,1326274,2103516,4476577,3045847,13577918,17257,46230934,17217712,652095,0,5532186,19001,0
15,0,0,2429757,100036,173945957,4911308,2250234,4702634,3051250,9438173,17299,52018278,19413873,1205752,0,30528321,19064,0
16,0,0,2428722,104255,167013322,5459569,2458385,7280283,3048114,13424720,17520,58060441,21815051,1443672,0,21256503,18967,0
17,0,0,2430227,109602,205720712,4154270,3047685,18378519,3053308,4097547,17481,64799577,24286229,3410900,0,94173432,19052,0
18,0,0,2426970,114120,174469807,1331409,2646860,4353744,3051325,12980492,17293,71629204,26910718,1439293,0,5989543,19173,0
19,0,0,2432289,119291,186102432,1331746,2805869,4655284,3048204,10866142,17301,78898079,29648220,1378878,0,20923868,19090,0
20,0,0,2433143,123656,186804667,1329496,2937671,5993558,3045213,4361775,17316,86268495,32518917,864466,0,8210457,19033,0
21,0,0,2429935,128851,236676734,4135470,3564592,16984780,3051169,4091778,17294,94484831,35589531,177085074,0,108260607,19047,0
22,0,0,2424690,133521,199156968,1327924,3214086,4340851,3054264,14565196,17316,102810438,38772388,1014927,0,6552905,19048,0
23,0,0,2427810,138221,210585718,1329709,3341470,5674405,3048576,4659789,17375,111416792,42131479,2118576,0,20782376,19142,0
24,0,0,2426883,143480,254078881,4139105,3989803,18081147,3058348,4090149,17298,120757874,45659879,4368266,0,102652544,19004,0
25,0,0,2433893,147837,218081045,1326591,3612339,4347856,3049947,15667970,17478,130215780,49214290,1537243,0,6926370,19092,0
26,0,0,2431587,152428,229128179,4906498,3746193,4709021,3051381,13151101,17254,140039293,52848631,1541576,0,20937053,19006,0
27,0,0,2428627,157585,230288665,1326984,3889502,5726672,3051727,4139555,17386,149991566,56742348,1527615,0,10168454,19085,0
28,0,0,2429337,162252,236160061,1332641,4056256,6385665,3053110,4577431,17342,160268678,60795368,1749305,0,13959640,19074,0
29,0,0,2424917,166733,242616045,1337833,4229958,8084019,3048855,4507297,17366,170743800,64812066,2871067,0,18786587,19078,0
30,0,0,2426041,171526,246617422,1333539,4358525,8224065,3049808,4679976,17384,181493533,69099383,1648706,0,17796344,19165,0
31,0,0,2432980,176385,293653225,4144478,4857896,15222995,3048723,4087523,17364,192976092,73567280,4080146,0,66779789,19119,0
32,0,0,2423248,181263,253514515,1323530,4576152,4289809,3045681,13857703,17223,204490886,78195650,2344504,0,7947361,18961,0
33,0,0,2424157,186426,295614172,4105414,5097826,14892762,3049247,4075937,17706,216723252,82772493,3993735,0,84865843,18990,0
34,0,0,2424461,191373,266594460,1319756,4833507,4307073,3048844,12756068,17320,229020541,87785767,3194378,0,8148440,19091,0
35,0,0,2427996,196228,278949228,4895429,4981916,4675184,3049642,9250216,17280,241705673,92726187,3530462,0,25738179,19126,0
36,0,0,2429800,200842,278488724,1325636,5116617,5927660,3053715,8415436,17252,254553463,97736093,3545841,0,10796450,18939,0
37,0,0,2433391,205695,283371474,1326070,5260381,4725551,3049915,3371970,17318,267632165,103011680,4167480,0,10303077,19061,0
38,0,0,2428630,210158,286722351,2633294,5410439,4162910,3052471,16893474,17395,281094329,108302735,4467081,0,8783888,19058,0
39,0,0,2430337,216071,303620009,51325,5573898,6962554,3050853,243653264,17386,296930913,113780707,9883109,0,39337888,19145,0
40,0,0,2426360,220798,325465750,1326665,5681743,6546457,3044174,3325445,17257,311946559,119316366,3743256,0,13066999,18946,0
41,0,0,2426382,225412,327454227,39609,19767477,3276400,3047857,7920360,17449,327697018,250247494,7699662,0,8391691,3374515,20630218
