scope,run,predictor,n,tp,fp,fn,tn,accuracy,precision,recall
all calls,django__django-13809/run1,P0,63,57,6,0,0,0.9047619047619048,0.9047619047619048,1.0
all calls,django__django-13809/run1,P1,63,57,0,0,6,1.0,1.0,1.0
all calls,django__django-13809/run1,P2,63,52,3,5,3,0.873015873015873,0.9454545454545454,0.9122807017543859
all calls,django__django-13809/run1,P3,63,57,3,0,3,0.9523809523809523,0.95,1.0
all calls,django__django-13809/run2,P0,57,49,8,0,0,0.8596491228070176,0.8596491228070176,1.0
all calls,django__django-13809/run2,P1,57,48,0,1,8,0.9824561403508771,1.0,0.9795918367346939
all calls,django__django-13809/run2,P2,57,42,5,7,3,0.7894736842105263,0.8936170212765957,0.8571428571428571
all calls,django__django-13809/run2,P3,57,49,5,0,3,0.9122807017543859,0.9074074074074074,1.0
all calls,django__django-13809/run3,P0,65,58,7,0,0,0.8923076923076924,0.8923076923076924,1.0
all calls,django__django-13809/run3,P1,65,57,0,1,7,0.9846153846153847,1.0,0.9827586206896551
all calls,django__django-13809/run3,P2,65,52,4,6,3,0.8461538461538461,0.9285714285714286,0.896551724137931
all calls,django__django-13809/run3,P3,65,58,4,0,3,0.9384615384615385,0.9354838709677419,1.0
all calls,django__django-13809/run4,P0,63,56,7,0,0,0.8888888888888888,0.8888888888888888,1.0
all calls,django__django-13809/run4,P1,63,54,0,2,7,0.9682539682539683,1.0,0.9642857142857143
all calls,django__django-13809/run4,P2,63,50,4,6,3,0.8412698412698413,0.9259259259259259,0.8928571428571429
all calls,django__django-13809/run4,P3,63,56,4,0,3,0.9365079365079365,0.9333333333333333,1.0
all calls,django__django-13809/run5,P0,61,49,12,0,0,0.8032786885245902,0.8032786885245902,1.0
all calls,django__django-13809/run5,P1,61,48,0,1,12,0.9836065573770492,1.0,0.9795918367346939
all calls,django__django-13809/run5,P2,61,41,6,8,6,0.7704918032786885,0.8723404255319149,0.8367346938775511
all calls,django__django-13809/run5,P3,61,49,6,0,6,0.9016393442622951,0.8909090909090909,1.0
all calls,django__django-13809/run6,P0,61,52,9,0,0,0.8524590163934426,0.8524590163934426,1.0
all calls,django__django-13809/run6,P1,61,51,0,1,9,0.9836065573770492,1.0,0.9807692307692307
all calls,django__django-13809/run6,P2,61,44,6,8,3,0.7704918032786885,0.88,0.8461538461538461
all calls,django__django-13809/run6,P3,61,52,6,0,3,0.9016393442622951,0.896551724137931,1.0
all calls,psf__requests-1142/run1,P0,73,65,8,0,0,0.8904109589041096,0.8904109589041096,1.0
all calls,psf__requests-1142/run1,P1,73,65,0,0,8,1.0,1.0,1.0
all calls,psf__requests-1142/run1,P2,73,56,7,9,1,0.7808219178082192,0.8888888888888888,0.8615384615384616
all calls,psf__requests-1142/run1,P3,73,65,7,0,1,0.9041095890410958,0.9027777777777778,1.0
all calls,psf__requests-1142/run2,P0,61,56,5,0,0,0.9180327868852459,0.9180327868852459,1.0
all calls,psf__requests-1142/run2,P1,61,56,0,0,5,1.0,1.0,1.0
all calls,psf__requests-1142/run2,P2,61,49,5,7,0,0.8032786885245902,0.9074074074074074,0.875
all calls,psf__requests-1142/run2,P3,61,56,5,0,0,0.9180327868852459,0.9180327868852459,1.0
all calls,psf__requests-1142/run3,P0,65,59,6,0,0,0.9076923076923077,0.9076923076923077,1.0
all calls,psf__requests-1142/run3,P1,65,59,0,0,6,1.0,1.0,1.0
all calls,psf__requests-1142/run3,P2,65,52,5,7,1,0.8153846153846154,0.9122807017543859,0.8813559322033898
all calls,psf__requests-1142/run3,P3,65,59,5,0,1,0.9230769230769231,0.921875,1.0
all calls,psf__requests-1142/run4,P0,61,56,5,0,0,0.9180327868852459,0.9180327868852459,1.0
all calls,psf__requests-1142/run4,P1,61,56,0,0,5,1.0,1.0,1.0
all calls,psf__requests-1142/run4,P2,61,50,4,6,1,0.8360655737704918,0.9259259259259259,0.8928571428571429
all calls,psf__requests-1142/run4,P3,61,56,4,0,1,0.9344262295081968,0.9333333333333333,1.0
all calls,psf__requests-1142/run5,P0,67,59,8,0,0,0.8805970149253731,0.8805970149253731,1.0
all calls,psf__requests-1142/run5,P1,67,59,0,0,8,1.0,1.0,1.0
all calls,psf__requests-1142/run5,P2,67,51,6,8,2,0.7910447761194029,0.8947368421052632,0.864406779661017
all calls,psf__requests-1142/run5,P3,67,59,6,0,2,0.9104477611940298,0.9076923076923077,1.0
all calls,psf__requests-1142/run6,P0,55,52,3,0,0,0.9454545454545454,0.9454545454545454,1.0
all calls,psf__requests-1142/run6,P1,55,52,0,0,3,1.0,1.0,1.0
all calls,psf__requests-1142/run6,P2,55,47,3,5,0,0.8545454545454545,0.94,0.9038461538461539
all calls,psf__requests-1142/run6,P3,55,52,3,0,0,0.9454545454545454,0.9454545454545454,1.0
all calls,pydata__xarray-2905/run1,P0,79,74,5,0,0,0.9367088607594937,0.9367088607594937,1.0
all calls,pydata__xarray-2905/run1,P1,79,74,0,0,5,1.0,1.0,1.0
all calls,pydata__xarray-2905/run1,P2,79,67,5,7,0,0.8481012658227848,0.9305555555555556,0.9054054054054054
all calls,pydata__xarray-2905/run1,P3,79,74,5,0,0,0.9367088607594937,0.9367088607594937,1.0
all calls,pydata__xarray-2905/run2,P0,101,91,10,0,0,0.900990099009901,0.900990099009901,1.0
all calls,pydata__xarray-2905/run2,P1,101,91,0,0,10,1.0,1.0,1.0
all calls,pydata__xarray-2905/run2,P2,101,82,7,9,3,0.8415841584158416,0.9213483146067416,0.9010989010989011
all calls,pydata__xarray-2905/run2,P3,101,91,7,0,3,0.9306930693069307,0.9285714285714286,1.0
all calls,pydata__xarray-2905/run3,P0,87,82,5,0,0,0.9425287356321839,0.9425287356321839,1.0
all calls,pydata__xarray-2905/run3,P1,87,82,0,0,5,1.0,1.0,1.0
all calls,pydata__xarray-2905/run3,P2,87,75,5,7,0,0.8620689655172413,0.9375,0.9146341463414634
all calls,pydata__xarray-2905/run3,P3,87,82,5,0,0,0.9425287356321839,0.9425287356321839,1.0
all calls,pydata__xarray-2905/run4,P0,95,84,11,0,0,0.8842105263157894,0.8842105263157894,1.0
all calls,pydata__xarray-2905/run4,P1,95,84,0,0,11,1.0,1.0,1.0
all calls,pydata__xarray-2905/run4,P2,95,76,6,8,5,0.8526315789473684,0.926829268292683,0.9047619047619048
all calls,pydata__xarray-2905/run4,P3,95,84,6,0,5,0.9368421052631579,0.9333333333333333,1.0
all calls,pydata__xarray-2905/run5,P0,85,73,12,0,0,0.8588235294117647,0.8588235294117647,1.0
all calls,pydata__xarray-2905/run5,P1,85,73,0,0,12,1.0,1.0,1.0
all calls,pydata__xarray-2905/run5,P2,85,66,5,7,7,0.8588235294117647,0.9295774647887324,0.9041095890410958
all calls,pydata__xarray-2905/run5,P3,85,73,5,0,7,0.9411764705882353,0.9358974358974359,1.0
all calls,pydata__xarray-2905/run6,P0,95,85,10,0,0,0.8947368421052632,0.8947368421052632,1.0
all calls,pydata__xarray-2905/run6,P1,95,85,0,0,10,1.0,1.0,1.0
all calls,pydata__xarray-2905/run6,P2,95,78,5,7,5,0.8736842105263158,0.9397590361445783,0.9176470588235294
all calls,pydata__xarray-2905/run6,P3,95,85,5,0,5,0.9473684210526315,0.9444444444444444,1.0
all calls,sphinx-doc__sphinx-8459/run1,P0,99,83,16,0,0,0.8383838383838383,0.8383838383838383,1.0
all calls,sphinx-doc__sphinx-8459/run1,P1,99,83,0,0,16,1.0,1.0,1.0
all calls,sphinx-doc__sphinx-8459/run1,P2,99,76,5,7,11,0.8787878787878788,0.9382716049382716,0.9156626506024096
all calls,sphinx-doc__sphinx-8459/run1,P3,99,83,5,0,11,0.9494949494949495,0.9431818181818182,1.0
all calls,sphinx-doc__sphinx-8459/run2,P0,97,85,12,0,0,0.8762886597938144,0.8762886597938144,1.0
all calls,sphinx-doc__sphinx-8459/run2,P1,97,85,0,0,12,1.0,1.0,1.0
all calls,sphinx-doc__sphinx-8459/run2,P2,97,75,8,10,4,0.8144329896907216,0.9036144578313253,0.8823529411764706
all calls,sphinx-doc__sphinx-8459/run2,P3,97,85,8,0,4,0.9175257731958762,0.9139784946236559,1.0
all calls,sphinx-doc__sphinx-8459/run3,P0,91,82,9,0,0,0.9010989010989011,0.9010989010989011,1.0
all calls,sphinx-doc__sphinx-8459/run3,P1,91,82,0,0,9,1.0,1.0,1.0
all calls,sphinx-doc__sphinx-8459/run3,P2,91,72,8,10,1,0.8021978021978022,0.9,0.8780487804878049
all calls,sphinx-doc__sphinx-8459/run3,P3,91,82,8,0,1,0.9120879120879121,0.9111111111111111,1.0
all calls,sphinx-doc__sphinx-8459/run4,P0,101,87,14,0,0,0.8613861386138614,0.8613861386138614,1.0
all calls,sphinx-doc__sphinx-8459/run4,P1,101,87,0,0,14,1.0,1.0,1.0
all calls,sphinx-doc__sphinx-8459/run4,P2,101,76,9,11,5,0.801980198019802,0.8941176470588236,0.8735632183908046
all calls,sphinx-doc__sphinx-8459/run4,P3,101,87,9,0,5,0.9108910891089109,0.90625,1.0
all calls,sphinx-doc__sphinx-8459/run5,P0,101,91,10,0,0,0.900990099009901,0.900990099009901,1.0
all calls,sphinx-doc__sphinx-8459/run5,P1,101,91,0,0,10,1.0,1.0,1.0
all calls,sphinx-doc__sphinx-8459/run5,P2,101,83,7,8,3,0.8514851485148515,0.9222222222222223,0.9120879120879121
all calls,sphinx-doc__sphinx-8459/run5,P3,101,91,7,0,3,0.9306930693069307,0.9285714285714286,1.0
all calls,sphinx-doc__sphinx-8459/run6,P0,91,76,15,0,0,0.8351648351648352,0.8351648351648352,1.0
all calls,sphinx-doc__sphinx-8459/run6,P1,91,76,0,0,15,1.0,1.0,1.0
all calls,sphinx-doc__sphinx-8459/run6,P2,91,66,8,10,7,0.8021978021978022,0.8918918918918919,0.868421052631579
all calls,sphinx-doc__sphinx-8459/run6,P3,91,76,8,0,7,0.9120879120879121,0.9047619047619048,1.0
all calls,sympy__sympy-11618/run1,P0,59,53,6,0,0,0.8983050847457628,0.8983050847457628,1.0
all calls,sympy__sympy-11618/run1,P1,59,53,0,0,6,1.0,1.0,1.0
all calls,sympy__sympy-11618/run1,P2,59,48,3,5,3,0.864406779661017,0.9411764705882353,0.9056603773584906
all calls,sympy__sympy-11618/run1,P3,59,53,3,0,3,0.9491525423728814,0.9464285714285714,1.0
all calls,sympy__sympy-11618/run2,P0,55,49,6,0,0,0.8909090909090909,0.8909090909090909,1.0
all calls,sympy__sympy-11618/run2,P1,55,49,0,0,6,1.0,1.0,1.0
all calls,sympy__sympy-11618/run2,P2,55,44,3,5,3,0.8545454545454545,0.9361702127659575,0.8979591836734694
all calls,sympy__sympy-11618/run2,P3,55,49,3,0,3,0.9454545454545454,0.9423076923076923,1.0
all calls,sympy__sympy-11618/run3,P0,63,57,6,0,0,0.9047619047619048,0.9047619047619048,1.0
all calls,sympy__sympy-11618/run3,P1,63,57,0,0,6,1.0,1.0,1.0
all calls,sympy__sympy-11618/run3,P2,63,52,3,5,3,0.873015873015873,0.9454545454545454,0.9122807017543859
all calls,sympy__sympy-11618/run3,P3,63,57,3,0,3,0.9523809523809523,0.95,1.0
all calls,sympy__sympy-11618/run4,P0,51,46,5,0,0,0.9019607843137255,0.9019607843137255,1.0
all calls,sympy__sympy-11618/run4,P1,51,46,0,0,5,1.0,1.0,1.0
all calls,sympy__sympy-11618/run4,P2,51,40,4,6,1,0.803921568627451,0.9090909090909091,0.8695652173913043
all calls,sympy__sympy-11618/run4,P3,51,46,4,0,1,0.9215686274509803,0.92,1.0
all calls,sympy__sympy-11618/run5,P0,55,48,7,0,0,0.8727272727272727,0.8727272727272727,1.0
all calls,sympy__sympy-11618/run5,P1,55,48,0,0,7,1.0,1.0,1.0
all calls,sympy__sympy-11618/run5,P2,55,44,2,4,5,0.8909090909090909,0.9565217391304348,0.9166666666666666
all calls,sympy__sympy-11618/run5,P3,55,48,2,0,5,0.9636363636363636,0.96,1.0
all calls,sympy__sympy-11618/run6,P0,51,47,4,0,0,0.9215686274509803,0.9215686274509803,1.0
all calls,sympy__sympy-11618/run6,P1,51,47,0,0,4,1.0,1.0,1.0
all calls,sympy__sympy-11618/run6,P2,51,42,3,5,1,0.8431372549019608,0.9333333333333333,0.8936170212765957
all calls,sympy__sympy-11618/run6,P3,51,47,3,0,1,0.9411764705882353,0.94,1.0
actions only,django__django-13809/run1,P0,31,25,6,0,0,0.8064516129032258,0.8064516129032258,1.0
actions only,django__django-13809/run1,P1,31,25,0,0,6,1.0,1.0,1.0
actions only,django__django-13809/run1,P2,31,21,3,4,3,0.7741935483870968,0.875,0.84
actions only,django__django-13809/run1,P3,31,25,3,0,3,0.9032258064516129,0.8928571428571429,1.0
actions only,django__django-13809/run2,P0,28,20,8,0,0,0.7142857142857143,0.7142857142857143,1.0
actions only,django__django-13809/run2,P1,28,19,0,1,8,0.9642857142857143,1.0,0.95
actions only,django__django-13809/run2,P2,28,14,5,6,3,0.6071428571428571,0.7368421052631579,0.7
actions only,django__django-13809/run2,P3,28,20,5,0,3,0.8214285714285714,0.8,1.0
actions only,django__django-13809/run3,P0,32,25,7,0,0,0.78125,0.78125,1.0
actions only,django__django-13809/run3,P1,32,24,0,1,7,0.96875,1.0,0.96
actions only,django__django-13809/run3,P2,32,20,4,5,3,0.71875,0.8333333333333334,0.8
actions only,django__django-13809/run3,P3,32,25,4,0,3,0.875,0.8620689655172413,1.0
actions only,django__django-13809/run4,P0,31,24,7,0,0,0.7741935483870968,0.7741935483870968,1.0
actions only,django__django-13809/run4,P1,31,22,0,2,7,0.9354838709677419,1.0,0.9166666666666666
actions only,django__django-13809/run4,P2,31,19,4,5,3,0.7096774193548387,0.8260869565217391,0.7916666666666666
actions only,django__django-13809/run4,P3,31,24,4,0,3,0.8709677419354839,0.8571428571428571,1.0
actions only,django__django-13809/run5,P0,30,18,12,0,0,0.6,0.6,1.0
actions only,django__django-13809/run5,P1,30,17,0,1,12,0.9666666666666667,1.0,0.9444444444444444
actions only,django__django-13809/run5,P2,30,11,6,7,6,0.5666666666666667,0.6470588235294118,0.6111111111111112
actions only,django__django-13809/run5,P3,30,18,6,0,6,0.8,0.75,1.0
actions only,django__django-13809/run6,P0,30,21,9,0,0,0.7,0.7,1.0
actions only,django__django-13809/run6,P1,30,20,0,1,9,0.9666666666666667,1.0,0.9523809523809523
actions only,django__django-13809/run6,P2,30,14,6,7,3,0.5666666666666667,0.7,0.6666666666666666
actions only,django__django-13809/run6,P3,30,21,6,0,3,0.8,0.7777777777777778,1.0
actions only,psf__requests-1142/run1,P0,36,28,8,0,0,0.7777777777777778,0.7777777777777778,1.0
actions only,psf__requests-1142/run1,P1,36,28,0,0,8,1.0,1.0,1.0
actions only,psf__requests-1142/run1,P2,36,20,7,8,1,0.5833333333333334,0.7407407407407407,0.7142857142857143
actions only,psf__requests-1142/run1,P3,36,28,7,0,1,0.8055555555555556,0.8,1.0
actions only,psf__requests-1142/run2,P0,30,25,5,0,0,0.8333333333333334,0.8333333333333334,1.0
actions only,psf__requests-1142/run2,P1,30,25,0,0,5,1.0,1.0,1.0
actions only,psf__requests-1142/run2,P2,30,19,5,6,0,0.6333333333333333,0.7916666666666666,0.76
actions only,psf__requests-1142/run2,P3,30,25,5,0,0,0.8333333333333334,0.8333333333333334,1.0
actions only,psf__requests-1142/run3,P0,32,26,6,0,0,0.8125,0.8125,1.0
actions only,psf__requests-1142/run3,P1,32,26,0,0,6,1.0,1.0,1.0
actions only,psf__requests-1142/run3,P2,32,20,5,6,1,0.65625,0.8,0.7692307692307693
actions only,psf__requests-1142/run3,P3,32,26,5,0,1,0.84375,0.8387096774193549,1.0
actions only,psf__requests-1142/run4,P0,30,25,5,0,0,0.8333333333333334,0.8333333333333334,1.0
actions only,psf__requests-1142/run4,P1,30,25,0,0,5,1.0,1.0,1.0
actions only,psf__requests-1142/run4,P2,30,20,4,5,1,0.7,0.8333333333333334,0.8
actions only,psf__requests-1142/run4,P3,30,25,4,0,1,0.8666666666666667,0.8620689655172413,1.0
actions only,psf__requests-1142/run5,P0,33,25,8,0,0,0.7575757575757576,0.7575757575757576,1.0
actions only,psf__requests-1142/run5,P1,33,25,0,0,8,1.0,1.0,1.0
actions only,psf__requests-1142/run5,P2,33,18,6,7,2,0.6060606060606061,0.75,0.72
actions only,psf__requests-1142/run5,P3,33,25,6,0,2,0.8181818181818182,0.8064516129032258,1.0
actions only,psf__requests-1142/run6,P0,27,24,3,0,0,0.8888888888888888,0.8888888888888888,1.0
actions only,psf__requests-1142/run6,P1,27,24,0,0,3,1.0,1.0,1.0
actions only,psf__requests-1142/run6,P2,27,20,3,4,0,0.7407407407407407,0.8695652173913043,0.8333333333333334
actions only,psf__requests-1142/run6,P3,27,24,3,0,0,0.8888888888888888,0.8888888888888888,1.0
actions only,pydata__xarray-2905/run1,P0,39,34,5,0,0,0.8717948717948718,0.8717948717948718,1.0
actions only,pydata__xarray-2905/run1,P1,39,34,0,0,5,1.0,1.0,1.0
actions only,pydata__xarray-2905/run1,P2,39,28,5,6,0,0.717948717948718,0.8484848484848485,0.8235294117647058
actions only,pydata__xarray-2905/run1,P3,39,34,5,0,0,0.8717948717948718,0.8717948717948718,1.0
actions only,pydata__xarray-2905/run2,P0,50,40,10,0,0,0.8,0.8,1.0
actions only,pydata__xarray-2905/run2,P1,50,40,0,0,10,1.0,1.0,1.0
actions only,pydata__xarray-2905/run2,P2,50,32,7,8,3,0.7,0.8205128205128205,0.8
actions only,pydata__xarray-2905/run2,P3,50,40,7,0,3,0.86,0.851063829787234,1.0
actions only,pydata__xarray-2905/run3,P0,43,38,5,0,0,0.8837209302325582,0.8837209302325582,1.0
actions only,pydata__xarray-2905/run3,P1,43,38,0,0,5,1.0,1.0,1.0
actions only,pydata__xarray-2905/run3,P2,43,32,5,6,0,0.7441860465116279,0.8648648648648649,0.8421052631578947
actions only,pydata__xarray-2905/run3,P3,43,38,5,0,0,0.8837209302325582,0.8837209302325582,1.0
actions only,pydata__xarray-2905/run4,P0,47,36,11,0,0,0.7659574468085106,0.7659574468085106,1.0
actions only,pydata__xarray-2905/run4,P1,47,36,0,0,11,1.0,1.0,1.0
actions only,pydata__xarray-2905/run4,P2,47,29,6,7,5,0.723404255319149,0.8285714285714286,0.8055555555555556
actions only,pydata__xarray-2905/run4,P3,47,36,6,0,5,0.8723404255319149,0.8571428571428571,1.0
actions only,pydata__xarray-2905/run5,P0,42,30,12,0,0,0.7142857142857143,0.7142857142857143,1.0
actions only,pydata__xarray-2905/run5,P1,42,30,0,0,12,1.0,1.0,1.0
actions only,pydata__xarray-2905/run5,P2,42,24,5,6,7,0.7380952380952381,0.8275862068965517,0.8
actions only,pydata__xarray-2905/run5,P3,42,30,5,0,7,0.8809523809523809,0.8571428571428571,1.0
actions only,pydata__xarray-2905/run6,P0,47,37,10,0,0,0.7872340425531915,0.7872340425531915,1.0
actions only,pydata__xarray-2905/run6,P1,47,37,0,0,10,1.0,1.0,1.0
actions only,pydata__xarray-2905/run6,P2,47,31,5,6,5,0.7659574468085106,0.8611111111111112,0.8378378378378378
actions only,pydata__xarray-2905/run6,P3,47,37,5,0,5,0.8936170212765957,0.8809523809523809,1.0
actions only,sphinx-doc__sphinx-8459/run1,P0,49,33,16,0,0,0.673469387755102,0.673469387755102,1.0
actions only,sphinx-doc__sphinx-8459/run1,P1,49,33,0,0,16,1.0,1.0,1.0
actions only,sphinx-doc__sphinx-8459/run1,P2,49,27,5,6,11,0.7755102040816326,0.84375,0.8181818181818182
actions only,sphinx-doc__sphinx-8459/run1,P3,49,33,5,0,11,0.8979591836734694,0.868421052631579,1.0
actions only,sphinx-doc__sphinx-8459/run2,P0,48,36,12,0,0,0.75,0.75,1.0
actions only,sphinx-doc__sphinx-8459/run2,P1,48,36,0,0,12,1.0,1.0,1.0
actions only,sphinx-doc__sphinx-8459/run2,P2,48,27,8,9,4,0.6458333333333334,0.7714285714285715,0.75
actions only,sphinx-doc__sphinx-8459/run2,P3,48,36,8,0,4,0.8333333333333334,0.8181818181818182,1.0
actions only,sphinx-doc__sphinx-8459/run3,P0,45,36,9,0,0,0.8,0.8,1.0
actions only,sphinx-doc__sphinx-8459/run3,P1,45,36,0,0,9,1.0,1.0,1.0
actions only,sphinx-doc__sphinx-8459/run3,P2,45,27,8,9,1,0.6222222222222222,0.7714285714285715,0.75
actions only,sphinx-doc__sphinx-8459/run3,P3,45,36,8,0,1,0.8222222222222222,0.8181818181818182,1.0
actions only,sphinx-doc__sphinx-8459/run4,P0,50,36,14,0,0,0.72,0.72,1.0
actions only,sphinx-doc__sphinx-8459/run4,P1,50,36,0,0,14,1.0,1.0,1.0
actions only,sphinx-doc__sphinx-8459/run4,P2,50,26,9,10,5,0.62,0.7428571428571429,0.7222222222222222
actions only,sphinx-doc__sphinx-8459/run4,P3,50,36,9,0,5,0.82,0.8,1.0
actions only,sphinx-doc__sphinx-8459/run5,P0,50,40,10,0,0,0.8,0.8,1.0
actions only,sphinx-doc__sphinx-8459/run5,P1,50,40,0,0,10,1.0,1.0,1.0
actions only,sphinx-doc__sphinx-8459/run5,P2,50,33,7,7,3,0.72,0.825,0.825
actions only,sphinx-doc__sphinx-8459/run5,P3,50,40,7,0,3,0.86,0.851063829787234,1.0
actions only,sphinx-doc__sphinx-8459/run6,P0,45,30,15,0,0,0.6666666666666666,0.6666666666666666,1.0
actions only,sphinx-doc__sphinx-8459/run6,P1,45,30,0,0,15,1.0,1.0,1.0
actions only,sphinx-doc__sphinx-8459/run6,P2,45,21,8,9,7,0.6222222222222222,0.7241379310344828,0.7
actions only,sphinx-doc__sphinx-8459/run6,P3,45,30,8,0,7,0.8222222222222222,0.7894736842105263,1.0
actions only,sympy__sympy-11618/run1,P0,29,23,6,0,0,0.7931034482758621,0.7931034482758621,1.0
actions only,sympy__sympy-11618/run1,P1,29,23,0,0,6,1.0,1.0,1.0
actions only,sympy__sympy-11618/run1,P2,29,19,3,4,3,0.7586206896551724,0.8636363636363636,0.8260869565217391
actions only,sympy__sympy-11618/run1,P3,29,23,3,0,3,0.896551724137931,0.8846153846153846,1.0
actions only,sympy__sympy-11618/run2,P0,27,21,6,0,0,0.7777777777777778,0.7777777777777778,1.0
actions only,sympy__sympy-11618/run2,P1,27,21,0,0,6,1.0,1.0,1.0
actions only,sympy__sympy-11618/run2,P2,27,17,3,4,3,0.7407407407407407,0.85,0.8095238095238095
actions only,sympy__sympy-11618/run2,P3,27,21,3,0,3,0.8888888888888888,0.875,1.0
actions only,sympy__sympy-11618/run3,P0,31,25,6,0,0,0.8064516129032258,0.8064516129032258,1.0
actions only,sympy__sympy-11618/run3,P1,31,25,0,0,6,1.0,1.0,1.0
actions only,sympy__sympy-11618/run3,P2,31,21,3,4,3,0.7741935483870968,0.875,0.84
actions only,sympy__sympy-11618/run3,P3,31,25,3,0,3,0.9032258064516129,0.8928571428571429,1.0
actions only,sympy__sympy-11618/run4,P0,25,20,5,0,0,0.8,0.8,1.0
actions only,sympy__sympy-11618/run4,P1,25,20,0,0,5,1.0,1.0,1.0
actions only,sympy__sympy-11618/run4,P2,25,15,4,5,1,0.64,0.7894736842105263,0.75
actions only,sympy__sympy-11618/run4,P3,25,20,4,0,1,0.84,0.8333333333333334,1.0
actions only,sympy__sympy-11618/run5,P0,27,20,7,0,0,0.7407407407407407,0.7407407407407407,1.0
actions only,sympy__sympy-11618/run5,P1,27,20,0,0,7,1.0,1.0,1.0
actions only,sympy__sympy-11618/run5,P2,27,17,2,3,5,0.8148148148148148,0.8947368421052632,0.85
actions only,sympy__sympy-11618/run5,P3,27,20,2,0,5,0.9259259259259259,0.9090909090909091,1.0
actions only,sympy__sympy-11618/run6,P0,25,21,4,0,0,0.84,0.84,1.0
actions only,sympy__sympy-11618/run6,P1,25,21,0,0,4,1.0,1.0,1.0
actions only,sympy__sympy-11618/run6,P2,25,17,3,4,1,0.72,0.85,0.8095238095238095
actions only,sympy__sympy-11618/run6,P3,25,21,3,0,1,0.88,0.875,1.0
