cid,source,config,params,ok,insts,cycles,ICACHE_MISS_ONPATH,DCACHE_MISS_ONPATH,MLC_MISS_ONPATH,L1_MISS_ONPATH,L1_MISS_ALL,MLC_MISS_ALL,PREF_UL1REQ_QUEUE_SENTREQ,PREF_UMLC_REQ_QUEUE_SENTREQ,spf_lines,spf_instructions,phase,task,spf_dest,spf_timing,spf_lookahead,spf_width,spf_records,spf_sent,spf_late_skipped,spf_queue_stalls,spf_installed,spf_already_present,spf_set_full
psf-259,self,record,PARAMS.golden_cove,1,99999419,57132475,141117,2271980,302240,70092,201858,400412,121916,0,118588,100000048,harness start-up,psf__requests-1142,,,,,,,,,,,
psf-259,self,base,PARAMS.golden_cove,1,99999419,57132475,141117,2271980,302240,70092,201858,400412,121916,0,,,harness start-up,psf__requests-1142,,,,,,,,,,,
pydata-1174,self,record,PARAMS.golden_cove,1,99999417,57241138,141442,2278818,303986,70085,201558,402886,121686,0,118610,100000075,harness start-up,pydata__xarray-2905,,,,,,,,,,,
pydata-1174,self,base,PARAMS.golden_cove,1,99999417,57241138,141442,2278818,303986,70085,201558,402886,121686,0,,,harness start-up,pydata__xarray-2905,,,,,,,,,,,
psf-257,self,record,PARAMS.golden_cove,1,99935453,57481240,141335,2816153,448904,71292,217801,537316,149039,0,102821,99960012,environment setup,psf__requests-1142,,,,,,,,,,,
psf-257,self,base,PARAMS.golden_cove,1,99935453,57481240,141335,2816153,448904,71292,217801,537316,149039,0,,,environment setup,psf__requests-1142,,,,,,,,,,,
pydata-1524,self,record,PARAMS.golden_cove,1,5795788,2959936,3351,166059,53062,14290,39524,62523,23105,0,32216,5800286,environment setup,pydata__xarray-2905,,,,,,,,,,,
pydata-1524,self,base,PARAMS.golden_cove,1,5795788,2959936,3351,166059,53062,14290,39524,62523,23105,0,,,environment setup,pydata__xarray-2905,,,,,,,,,,,
sphinx-doc-824,self,record,PARAMS.golden_cove,1,99999542,52730261,176737,2376057,321835,59361,202938,435648,125178,0,134450,100000339,tool execution: python,sphinx-doc__sphinx-8459,,,,,,,,,,,
sphinx-doc-824,self,base,PARAMS.golden_cove,1,99999542,52730261,176737,2376057,321835,59361,202938,435648,125178,0,,,tool execution: python,sphinx-doc__sphinx-8459,,,,,,,,,,,
pydata-1150,self,record,PARAMS.golden_cove,1,92213958,54287514,137065,2763668,436551,56497,188900,528543,127920,0,91935,92237665,tool execution: python,pydata__xarray-2905,,,,,,,,,,,
pydata-1150,self,base,PARAMS.golden_cove,1,92213958,54287514,137065,2763668,436551,56497,188900,528543,127920,0,,,tool execution: python,pydata__xarray-2905,,,,,,,,,,,
sphinx-doc-58,self,record,PARAMS.golden_cove,1,1225136,952050,1290,38226,14193,4635,17632,23323,5522,0,10488,1225816,tool execution: shell,sphinx-doc__sphinx-8459,,,,,,,,,,,
sphinx-doc-58,self,base,PARAMS.golden_cove,1,1225136,952050,1290,38226,14193,4635,17632,23323,5522,0,,,tool execution: shell,sphinx-doc__sphinx-8459,,,,,,,,,,,
pydata-19,self,record,PARAMS.golden_cove,1,1225337,942977,1329,38184,14315,4700,17688,23505,5507,0,10482,1226033,tool execution: shell,pydata__xarray-2905,,,,,,,,,,,
pydata-19,self,base,PARAMS.golden_cove,1,1225337,942977,1329,38184,14315,4700,17688,23505,5507,0,,,tool execution: shell,pydata__xarray-2905,,,,,,,,,,,
sphinx-doc-678,self,record,PARAMS.golden_cove,1,52000002,20097402,19543,229735,28974,22941,48193,52437,7166,0,30631,52000447,harness: agent loop,sphinx-doc__sphinx-8459,,,,,,,,,,,
sphinx-doc-678,self,base,PARAMS.golden_cove,1,52000002,20097402,19543,229735,28974,22941,48193,52437,7166,0,,,harness: agent loop,sphinx-doc__sphinx-8459,,,,,,,,,,,
pydata-1502,self,record,PARAMS.golden_cove,1,100000000,39079349,37476,973787,252986,76737,208002,286312,139325,0,125950,100000044,harness: agent loop,pydata__xarray-2905,,,,,,,,,,,
pydata-1502,self,base,PARAMS.golden_cove,1,100000000,39079349,37476,973787,252986,76737,208002,286312,139325,0,,,harness: agent loop,pydata__xarray-2905,,,,,,,,,,,
psf-632,self,record,PARAMS.golden_cove,1,99996823,156035949,71006,5055167,1996423,1378588,2288934,2107180,966493,0,1350805,99996823,harness exit,psf__requests-1142,,,,,,,,,,,
psf-632,self,base,PARAMS.golden_cove,1,99996823,156035949,71006,5055167,1996423,1378588,2288934,2107180,966493,0,,,harness exit,psf__requests-1142,,,,,,,,,,,
pydata-1511,self,record,PARAMS.golden_cove,1,100000006,297367422,507,7191876,3833452,2943878,4563274,3873696,1724474,0,1308444,100000023,harness exit,pydata__xarray-2905,,,,,,,,,,,
pydata-1511,self,base,PARAMS.golden_cove,1,100000006,297367422,507,7191876,3833452,2943878,4563274,3873696,1724474,0,,,harness exit,pydata__xarray-2905,,,,,,,,,,,
psf-259,self,perfect_all,PARAMS.golden_cove,1,99999420,44779981,0,0,0,0,0,0,0,0,,,harness start-up,psf__requests-1142,,,,,,,,,,,
psf-259,self,instant_l2,PARAMS.golden_cove,1,99999419,56658286,140869,2270330,296872,63531,184694,392756,116197,0,,100000048,harness start-up,psf__requests-1142,2,0,20000,4,118588,0,0,0,16384,0,102204
psf-259,self,instant_llc,PARAMS.golden_cove,1,99999419,56502054,140759,2270963,297811,57898,164142,394542,101238,0,,100000048,harness start-up,psf__requests-1142,3,0,20000,4,118588,0,0,0,32768,0,85820
psf-259,self,instant_both,PARAMS.golden_cove,1,99999419,56399568,140782,2269337,292610,58181,164315,392537,101325,0,,100000048,harness start-up,psf__requests-1142,4,0,20000,4,118588,0,0,0,49152,0,188024
psf-259,self,stream_l2_bulk,PARAMS.golden_cove,1,99999419,57630885,141346,2272680,301639,71988,322837,517833,120528,118587,,100000048,harness start-up,psf__requests-1142,2,1,4000000000,4,118588,118587,1,1806487,0,0,
psf-259,self,stream_llc_bulk,PARAMS.golden_cove,1,99999419,57073741,141032,2271957,301752,67395,305917,399880,231638,0,,100000048,harness start-up,psf__requests-1142,3,1,4000000000,4,118588,118587,1,1690864,0,0,
psf-259,self,stream_l2_20k,PARAMS.golden_cove,1,99999419,56623765,141213,2204035,193888,42973,237894,392265,50355,116658,,100000048,harness start-up,psf__requests-1142,2,1,20000,4,118588,116658,1930,214523,0,0,
psf-259,self,stream_llc_20k,PARAMS.golden_cove,1,99999419,56108886,140185,2261320,300039,30875,194242,393639,149154,0,,100000048,harness start-up,psf__requests-1142,3,1,20000,4,118588,118425,163,206350,0,0,
pydata-1174,self,perfect_all,PARAMS.golden_cove,1,99999417,44868224,0,0,0,0,0,0,0,0,,,harness start-up,pydata__xarray-2905,,,,,,,,,,,
pydata-1174,self,instant_l2,PARAMS.golden_cove,1,99999417,56753064,141217,2277574,296783,63372,184403,393439,115295,0,,100000075,harness start-up,pydata__xarray-2905,2,0,20000,4,118610,0,0,0,16384,0,102226
pydata-1174,self,instant_llc,PARAMS.golden_cove,1,99999417,56597421,141046,2277900,299591,57793,164086,396863,101227,0,,100000075,harness start-up,pydata__xarray-2905,3,0,20000,4,118610,0,0,0,32768,0,85842
pydata-1174,self,instant_both,PARAMS.golden_cove,1,99999417,56514280,141063,2276097,293865,58026,164224,394570,101317,0,,100000075,harness start-up,pydata__xarray-2905,4,0,20000,4,118610,0,0,0,49152,0,188068
pydata-1174,self,stream_l2_bulk,PARAMS.golden_cove,1,99999417,57720338,141685,2280057,303715,71787,322274,520782,119804,118609,,100000075,harness start-up,pydata__xarray-2905,2,1,4000000000,4,118610,118609,1,1802178,0,0,
pydata-1174,self,stream_llc_bulk,PARAMS.golden_cove,1,99999417,57222546,141357,2279304,303244,67601,307027,402393,232111,0,,100000075,harness start-up,pydata__xarray-2905,3,1,4000000000,4,118610,118609,1,1692217,0,0,
pydata-1174,self,stream_l2_20k,PARAMS.golden_cove,1,99999417,56740040,141471,2210869,196188,43228,238591,395416,50848,116614,,100000075,harness start-up,pydata__xarray-2905,2,1,20000,4,118610,116614,1996,212393,0,0,
pydata-1174,self,stream_llc_20k,PARAMS.golden_cove,1,99999417,56225531,140568,2268504,300341,31095,193860,394712,148067,0,,100000075,harness start-up,pydata__xarray-2905,3,1,20000,4,118610,118358,252,207309,0,0,
sphinx-doc-824,self,perfect_all,PARAMS.golden_cove,1,99999542,43380871,0,0,0,0,0,0,0,0,,,tool execution: python,sphinx-doc__sphinx-8459,,,,,,,,,,,
sphinx-doc-824,self,instant_l2,PARAMS.golden_cove,1,99999542,52473957,176643,2372382,292595,52848,186778,405204,115951,0,,100000339,tool execution: python,sphinx-doc__sphinx-8459,2,0,20000,4,134450,0,0,0,16384,0,118066
sphinx-doc-824,self,instant_llc,PARAMS.golden_cove,1,99999542,52328502,176628,2377756,277037,45236,169011,390443,109317,0,,100000339,tool execution: python,sphinx-doc__sphinx-8459,3,0,20000,4,134450,0,0,0,32768,0,101682
sphinx-doc-824,self,instant_both,PARAMS.golden_cove,1,99999542,52296523,176628,2373418,262705,45269,168781,380813,109183,0,,100000339,tool execution: python,sphinx-doc__sphinx-8459,4,0,20000,4,134450,0,0,0,49152,0,219748
sphinx-doc-824,self,stream_l2_bulk,PARAMS.golden_cove,1,99999542,52784195,177186,2368412,233661,46167,309098,479783,98512,134449,,100000339,tool execution: python,sphinx-doc__sphinx-8459,2,1,4000000000,4,134450,134449,1,1988946,0,0,
sphinx-doc-824,self,stream_llc_bulk,PARAMS.golden_cove,1,99999542,52884091,176660,2371088,294019,50344,288022,408887,230854,0,,100000339,tool execution: python,sphinx-doc__sphinx-8459,3,1,4000000000,4,134450,134449,1,2024990,0,0,
sphinx-doc-824,self,stream_l2_20k,PARAMS.golden_cove,1,99999542,52589843,176488,2298879,142011,27744,234407,369171,39822,131289,,100000339,tool execution: python,sphinx-doc__sphinx-8459,2,1,20000,4,134450,131289,3161,630776,0,0,
sphinx-doc-824,self,stream_llc_20k,PARAMS.golden_cove,1,99999542,52046869,175849,2362039,285087,25173,200212,395241,163496,0,,100000339,tool execution: python,sphinx-doc__sphinx-8459,3,1,20000,4,134450,133621,829,472099,0,0,
pydata-1502,self,perfect_all,PARAMS.golden_cove,1,100000000,31059846,0,0,0,0,0,0,0,0,,,harness: agent loop,pydata__xarray-2905,,,,,,,,,,,
pydata-1502,self,instant_l2,PARAMS.golden_cove,1,100000000,38847707,37437,939987,240899,75640,193045,273954,127100,0,,100000044,harness: agent loop,pydata__xarray-2905,2,0,20000,4,125950,0,0,0,16384,0,109566
pydata-1502,self,instant_llc,PARAMS.golden_cove,1,100000000,38779803,37424,970560,252614,71496,174062,285807,120291,0,,100000044,harness: agent loop,pydata__xarray-2905,3,0,20000,4,125950,0,0,0,32768,0,93182
pydata-1502,self,instant_both,PARAMS.golden_cove,1,100000000,38679963,37447,940568,240436,72230,174377,278495,119494,0,,100000044,harness: agent loop,pydata__xarray-2905,4,0,20000,4,125950,0,0,0,49152,0,202748
pydata-1502,self,stream_l2_bulk,PARAMS.golden_cove,1,100000000,39311851,37748,988347,252059,79324,336214,411625,139966,125949,,100000044,harness: agent loop,pydata__xarray-2905,2,1,4000000000,4,125950,125949,1,1816160,0,0,
pydata-1502,self,stream_llc_bulk,PARAMS.golden_cove,1,100000000,39093579,37459,974258,252796,76886,329639,286118,261197,0,,100000044,harness: agent loop,pydata__xarray-2905,3,1,4000000000,4,125950,125949,1,1783852,0,0,
pydata-1502,self,stream_l2_20k,PARAMS.golden_cove,1,100000000,35363402,36859,909019,114159,24170,248559,261430,75844,125949,,100000044,harness: agent loop,pydata__xarray-2905,2,1,20000,4,125950,125949,1,286988,0,0,
pydata-1502,self,stream_llc_20k,PARAMS.golden_cove,1,100000000,36600400,37075,965823,232566,28335,212409,267073,207735,0,,100000044,harness: agent loop,pydata__xarray-2905,3,1,20000,4,125950,125949,1,457225,0,0,
pydata-1511,self,perfect_all,PARAMS.golden_cove,1,100000000,42183757,0,0,0,0,0,0,0,0,,,harness exit,pydata__xarray-2905,,,,,,,,,,,
pydata-1511,self,instant_l2,PARAMS.golden_cove,1,100000006,296784721,496,7187719,3818125,2930810,4542993,3857783,1717972,0,,100000023,harness exit,pydata__xarray-2905,2,0,20000,4,1308444,0,0,0,16384,0,1292060
pydata-1511,self,instant_llc,PARAMS.golden_cove,1,100000006,296532111,492,7192358,3833956,2918694,4524027,3873812,1715234,0,,100000023,harness exit,pydata__xarray-2905,3,0,20000,4,1308444,0,0,0,32768,0,1275676
pydata-1511,self,instant_both,PARAMS.golden_cove,1,100000006,296410607,492,7189476,3817466,2919283,4523290,3861274,1713525,0,,100000023,harness exit,pydata__xarray-2905,4,0,20000,4,1308444,0,0,0,49152,0,2567736
pydata-1511,self,stream_l2_bulk,PARAMS.golden_cove,1,100000006,306081725,498,7194800,3821261,2964470,5862906,5170544,1665160,1308442,,100000023,harness exit,pydata__xarray-2905,2,1,4000000000,4,1308444,1308442,2,18785748,0,0,
pydata-1511,self,stream_llc_bulk,PARAMS.golden_cove,1,100000006,304572366,502,7190654,3834884,2928498,5759066,3874763,2939501,0,,100000023,harness exit,pydata__xarray-2905,3,1,4000000000,4,1308444,1308442,2,18956258,0,0,
pydata-1511,self,stream_l2_20k,PARAMS.golden_cove,1,100000006,250820350,394,6851794,2507401,2058800,4491292,3838997,879221,1308442,,100000023,harness exit,pydata__xarray-2905,2,1,20000,4,1308444,1308442,2,1476655,0,0,
pydata-1511,self,stream_llc_20k,PARAMS.golden_cove,1,100000006,264907974,419,7183253,3806736,1988896,4369141,3843637,2619046,0,,100000023,harness exit,pydata__xarray-2905,3,1,20000,4,1308444,1308442,2,676985,0,0,
psf-632,self,perfect_all,PARAMS.golden_cove,1,99996823,43490618,0,0,0,0,0,0,0,0,,,harness exit,psf__requests-1142,,,,,,,,,,,
psf-632,self,instant_l2,PARAMS.golden_cove,1,99996823,155479006,70689,5054283,1993164,1368109,2272133,2101044,966324,0,,99996823,harness exit,psf__requests-1142,2,0,20000,4,1350805,0,0,0,16384,0,1334421
psf-632,self,instant_llc,PARAMS.golden_cove,1,99996823,154946163,70653,5053409,1992341,1355781,2254179,2101904,957622,0,,99996823,harness exit,psf__requests-1142,3,0,20000,4,1350805,0,0,0,32768,0,1318037
psf-632,self,instant_both,PARAMS.golden_cove,1,99996823,154883163,70726,5052888,1990692,1356373,2254065,2101266,957206,0,,99996823,harness exit,psf__requests-1142,4,0,20000,4,1350805,0,0,0,49152,0,2652458
psf-632,self,stream_l2_bulk,PARAMS.golden_cove,1,99996823,165898148,90159,5065211,2048042,1429387,3762308,3543844,979317,1350803,,99996823,harness exit,psf__requests-1142,2,1,4000000000,4,1350805,1350803,2,19226673,0,0,
psf-632,self,stream_llc_bulk,PARAMS.golden_cove,1,99996823,158662068,71828,5057147,1995694,1386385,3635208,2105141,2299396,0,,99996823,harness exit,psf__requests-1142,3,1,4000000000,4,1350805,1350803,2,18405498,0,0,
psf-632,self,stream_l2_20k,PARAMS.golden_cove,1,99996823,84953290,71631,4881759,604965,451871,2364699,2010607,239763,1349905,,99996823,harness exit,psf__requests-1142,2,1,20000,4,1350805,1349905,900,1273203,0,0,
psf-632,self,stream_llc_20k,PARAMS.golden_cove,1,99996823,104441761,70643,5066643,1949796,423531,2038944,2027097,1738246,0,,99996823,harness exit,psf__requests-1142,3,1,20000,4,1350805,1350476,329,694037,0,0,
psf-257,self,perfect_all,PARAMS.golden_cove,1,99935455,42172593,0,0,0,0,0,0,0,0,,,environment setup,psf__requests-1142,,,,,,,,,,,
psf-257,self,instant_l2,PARAMS.golden_cove,1,99935453,57119472,141162,2814020,422391,63343,201142,509581,139957,0,,99960012,environment setup,psf__requests-1142,2,0,20000,4,102821,0,0,0,16384,0,86437
psf-257,self,instant_llc,PARAMS.golden_cove,1,99935453,56990096,141017,2815809,432180,58190,183508,519907,131554,0,,99960012,environment setup,psf__requests-1142,3,0,20000,4,102821,0,0,0,32768,0,70053
psf-257,self,instant_both,PARAMS.golden_cove,1,99935453,56939659,141060,2813371,421245,58432,183466,513693,131487,0,,99960012,environment setup,psf__requests-1142,4,0,20000,4,102821,0,0,0,49152,0,156490
psf-257,self,stream_l2_bulk,PARAMS.golden_cove,1,99935453,57686269,141722,2824053,426665,67218,315994,617487,143481,102820,,99960012,environment setup,psf__requests-1142,2,1,4000000000,4,102821,102820,1,1565963,0,0,
psf-257,self,stream_llc_bulk,PARAMS.golden_cove,1,99935453,57242640,141201,2817177,432513,63144,297891,520680,238366,0,,99960012,environment setup,psf__requests-1142,3,1,4000000000,4,102821,102820,1,1469603,0,0,
psf-257,self,stream_l2_20k,PARAMS.golden_cove,1,99935453,57404184,141105,2772096,346445,52717,248189,519678,93267,99377,,99960012,environment setup,psf__requests-1142,2,1,20000,4,102821,99377,3444,310778,0,0,
psf-257,self,stream_llc_20k,PARAMS.golden_cove,1,99935453,56878747,140484,2809796,438422,46129,218428,525749,177807,0,,99960012,environment setup,psf__requests-1142,3,1,20000,4,102821,102529,292,259162,0,0,
pydata-1150,self,perfect_all,PARAMS.golden_cove,1,92213960,39229352,0,0,0,0,0,0,0,0,,,tool execution: python,pydata__xarray-2905,,,,,,,,,,,
pydata-1150,self,instant_l2,PARAMS.golden_cove,1,92213958,53912911,136874,2761305,410332,48548,172035,501024,118476,0,,92237665,tool execution: python,pydata__xarray-2905,2,0,20000,4,91935,0,0,0,16384,0,75551
pydata-1150,self,instant_llc,PARAMS.golden_cove,1,92213958,53798250,136742,2763041,419260,43339,154248,510273,110339,0,,92237665,tool execution: python,pydata__xarray-2905,3,0,20000,4,91935,0,0,0,32768,0,59167
pydata-1150,self,instant_both,PARAMS.golden_cove,1,92213958,53746871,136765,2760333,408483,43414,154164,504297,110307,0,,92237665,tool execution: python,pydata__xarray-2905,4,0,20000,4,91935,0,0,0,49152,0,134718
pydata-1150,self,stream_l2_bulk,PARAMS.golden_cove,1,92213958,54411098,137382,2770855,413616,51926,274739,597293,121910,91934,,92237665,tool execution: python,pydata__xarray-2905,2,1,4000000000,4,91935,91934,1,1400606,0,0,
pydata-1150,self,stream_llc_bulk,PARAMS.golden_cove,1,92213958,54014943,136878,2764754,420581,48398,257717,512343,206182,0,,92237665,tool execution: python,pydata__xarray-2905,3,1,4000000000,4,91935,91934,1,1302963,0,0,
pydata-1150,self,stream_l2_20k,PARAMS.golden_cove,1,92213958,54194050,136814,2723549,343176,41225,217441,511882,76239,90487,,92237665,tool execution: python,pydata__xarray-2905,2,1,20000,4,91935,90487,1448,224492,0,0,
pydata-1150,self,stream_llc_20k,PARAMS.golden_cove,1,92213958,53662434,136328,2757822,426251,34787,189284,517024,154703,0,,92237665,tool execution: python,pydata__xarray-2905,3,1,20000,4,91935,91643,292,186167,0,0,
sphinx-doc-678,self,perfect_all,PARAMS.golden_cove,1,52000003,17029972,0,0,0,0,0,0,0,0,,,harness: agent loop,sphinx-doc__sphinx-8459,,,,,,,,,,,
sphinx-doc-678,self,instant_l2,PARAMS.golden_cove,1,52000002,19101888,20016,228708,24068,10653,30016,44346,4946,0,,52000447,harness: agent loop,sphinx-doc__sphinx-8459,2,0,20000,4,30631,0,0,0,16342,0,14289
sphinx-doc-678,self,instant_llc,PARAMS.golden_cove,1,52000002,18569581,19868,228647,28217,1905,16018,49306,2497,0,,52000447,harness: agent loop,sphinx-doc__sphinx-8459,3,0,20000,4,30631,0,0,0,28549,0,2082
sphinx-doc-678,self,instant_both,PARAMS.golden_cove,1,52000002,18544621,19921,228811,26908,1870,15744,48934,2491,0,,52000447,harness: agent loop,sphinx-doc__sphinx-8459,4,0,20000,4,30631,0,0,0,44891,0,16371
sphinx-doc-678,self,stream_l2_bulk,PARAMS.golden_cove,1,52000002,19346387,20074,229088,28079,11041,60467,80013,5756,30628,,52000447,harness: agent loop,sphinx-doc__sphinx-8459,2,1,4000000000,4,30631,30628,3,431038,0,0,
sphinx-doc-678,self,stream_llc_bulk,PARAMS.golden_cove,1,52000002,18727452,19801,228926,28559,3567,49501,49837,35080,0,,52000447,harness: agent loop,sphinx-doc__sphinx-8459,3,1,4000000000,4,30631,30628,3,431042,0,0,
sphinx-doc-678,self,stream_l2_20k,PARAMS.golden_cove,1,52000002,17996918,20190,224093,2340,737,44915,46705,651,30628,,52000447,harness: agent loop,sphinx-doc__sphinx-8459,2,1,20000,4,30631,30628,3,16461,0,0,
sphinx-doc-678,self,stream_llc_20k,PARAMS.golden_cove,1,52000002,18440274,19919,228480,28076,38,44724,48464,30916,0,,52000447,harness: agent loop,sphinx-doc__sphinx-8459,3,1,20000,4,30631,30628,3,14114,0,0,
pydata-1524,self,perfect_all,PARAMS.golden_cove,1,5795788,2149912,0,0,0,0,0,0,0,0,,,environment setup,pydata__xarray-2905,,,,,,,,,,,
pydata-1524,self,instant_l2,PARAMS.golden_cove,1,5795788,2665262,3210,163265,28081,6392,23197,36481,14105,0,,5800286,environment setup,pydata__xarray-2905,2,0,20000,4,32216,0,0,0,16384,0,15832
pydata-1524,self,instant_llc,PARAMS.golden_cove,1,5795788,2468606,3099,166206,31126,458,6896,39356,6408,0,,5800286,environment setup,pydata__xarray-2905,3,0,20000,4,32216,0,0,0,30529,0,1687
pydata-1524,self,instant_both,PARAMS.golden_cove,1,5795788,2450644,3113,163165,20036,425,6792,33193,6443,0,,5800286,environment setup,pydata__xarray-2905,4,0,20000,4,32216,0,0,0,46913,0,17519
pydata-1524,self,stream_l2_bulk,PARAMS.golden_cove,1,5795788,2614788,3230,163788,15995,2049,47331,54418,6061,32172,,5800286,environment setup,pydata__xarray-2905,2,1,4000000000,4,32216,32172,44,463649,0,0,
pydata-1524,self,stream_llc_bulk,PARAMS.golden_cove,1,5795788,2687604,3239,164913,40706,4321,39551,49901,42598,0,,5800286,environment setup,pydata__xarray-2905,3,1,4000000000,4,32216,32215,1,385509,0,0,
pydata-1524,self,stream_l2_20k,PARAMS.golden_cove,1,5795788,2546562,3179,156471,3748,1751,42605,40334,2842,31997,,5800286,environment setup,pydata__xarray-2905,2,1,20000,4,32216,31997,219,250183,0,0,
pydata-1524,self,stream_llc_20k,PARAMS.golden_cove,1,5795788,2631152,3170,163742,41619,4318,40723,51139,37678,0,,5800286,environment setup,pydata__xarray-2905,3,1,20000,4,32216,32215,1,189447,0,0,
pydata-19,self,perfect_all,PARAMS.golden_cove,1,1225337,550522,0,0,0,0,0,0,0,0,,,tool execution: shell,pydata__xarray-2905,,,,,,,,,,,
pydata-19,self,instant_l2,PARAMS.golden_cove,1,1225337,621966,1079,36523,709,82,6050,6781,298,0,,1226033,tool execution: shell,pydata__xarray-2905,2,0,20000,4,10482,0,0,0,10353,0,129
pydata-19,self,instant_llc,PARAMS.golden_cove,1,1225337,687968,1058,38324,7990,3,5993,16487,0,0,,1226033,tool execution: shell,pydata__xarray-2905,3,0,20000,4,10482,0,0,0,10482,0,0
pydata-19,self,instant_both,PARAMS.golden_cove,1,1225337,658432,1105,36938,2366,12,5781,12625,0,0,,1226033,tool execution: shell,pydata__xarray-2905,4,0,20000,4,10482,0,0,0,20835,0,129
pydata-19,self,stream_l2_bulk,PARAMS.golden_cove,1,1225337,632623,1192,36622,379,62,15733,16166,22,10481,,1226033,tool execution: shell,pydata__xarray-2905,2,1,4000000000,4,10482,10481,1,148593,0,0,
pydata-19,self,stream_llc_bulk,PARAMS.golden_cove,1,1225337,694307,1094,38302,8214,4,16541,16716,10481,0,,1226033,tool execution: shell,pydata__xarray-2905,3,1,4000000000,4,10482,10481,1,154155,0,0,
pydata-19,self,stream_l2_20k,PARAMS.golden_cove,1,1225337,623491,1130,36645,8,24,15947,15908,2,10481,,1226033,tool execution: shell,pydata__xarray-2905,2,1,20000,4,10482,10481,1,40761,0,0,
pydata-19,self,stream_llc_20k,PARAMS.golden_cove,1,1225337,698601,1125,38280,8320,3,17135,16816,10481,0,,1226033,tool execution: shell,pydata__xarray-2905,3,1,20000,4,10482,10481,1,26140,0,0,
sphinx-doc-58,self,perfect_all,PARAMS.golden_cove,1,1225136,552839,0,0,0,0,0,0,0,0,,,tool execution: shell,sphinx-doc__sphinx-8459,,,,,,,,,,,
sphinx-doc-58,self,instant_l2,PARAMS.golden_cove,1,1225136,622210,1041,36613,520,47,5918,6539,175,0,,1225816,tool execution: shell,sphinx-doc__sphinx-8459,2,0,20000,4,10488,0,0,0,10411,0,77
sphinx-doc-58,self,instant_llc,PARAMS.golden_cove,1,1225136,690419,1034,38339,7990,1,5949,16442,0,0,,1225816,tool execution: shell,sphinx-doc__sphinx-8459,3,0,20000,4,10488,0,0,0,10488,0,0
sphinx-doc-58,self,instant_both,PARAMS.golden_cove,1,1225136,660242,1051,36800,2300,9,5692,12418,0,0,,1225816,tool execution: shell,sphinx-doc__sphinx-8459,4,0,20000,4,10488,0,0,0,20899,0,77
sphinx-doc-58,self,stream_l2_bulk,PARAMS.golden_cove,1,1225136,634556,1165,36691,260,35,15668,15995,16,10487,,1225816,tool execution: shell,sphinx-doc__sphinx-8459,2,1,4000000000,4,10488,10487,1,149206,0,0,
sphinx-doc-58,self,stream_llc_bulk,PARAMS.golden_cove,1,1225136,727556,1081,38126,8654,358,17771,17462,14392,0,,1225816,tool execution: shell,sphinx-doc__sphinx-8459,3,1,4000000000,4,10488,10487,1,148545,0,0,
sphinx-doc-58,self,stream_l2_20k,PARAMS.golden_cove,1,1225136,627396,1096,36555,2,20,15964,15912,0,10487,,1225816,tool execution: shell,sphinx-doc__sphinx-8459,2,1,20000,4,10488,10487,1,39489,0,0,
sphinx-doc-58,self,stream_llc_20k,PARAMS.golden_cove,1,1225136,699636,1088,38288,8386,44,17378,16935,11351,0,,1225816,tool execution: shell,sphinx-doc__sphinx-8459,3,1,20000,4,10488,10487,1,21487,0,0,
