check,uid,ok
record pass cycles == base cycles,django-525,1
record pass cycles == base cycles,django-532,1
record pass cycles == base cycles,django-540,1
record pass cycles == base cycles,django-556,1
record pass cycles == base cycles,django-564,1
record pass cycles == base cycles,requests-720,1
record pass cycles == base cycles,requests-652,1
record pass cycles == base cycles,requests-667,1
record pass cycles == base cycles,requests-680,1
record pass cycles == base cycles,requests-698,1
record pass cycles == base cycles,xarray-1166,1
record pass cycles == base cycles,xarray-431,1
record pass cycles == base cycles,xarray-581,1
record pass cycles == base cycles,xarray-733,1
record pass cycles == base cycles,xarray-1014,1
record pass cycles == base cycles,sphinx-860,1
record pass cycles == base cycles,sphinx-728,1
record pass cycles == base cycles,sphinx-762,1
record pass cycles == base cycles,sphinx-793,1
record pass cycles == base cycles,sphinx-830,1
record pass cycles == base cycles,sympy-614,1
record pass cycles == base cycles,sympy-628,1
record pass cycles == base cycles,sympy-569,1
record pass cycles == base cycles,sympy-586,1
record pass cycles == base cycles,sympy-602,1
