uid,lines,rebased,dropped_private,dropped_unmapped_file,own_lines,prev_lines_in_own,own_lines_predicted
django-525,150059,59752,90307,0,150061,0.9999497924755657,0.39816474633648985
django-532,117554,59809,57745,0,117546,0.9998829607584143,0.5087540197029248
django-540,117565,59817,57748,0,117545,0.9997826704782922,0.508775362627079
django-556,117557,59809,57748,0,117552,0.9999164005417245,0.5087450660133388
django-564,117547,59809,57738,0,117561,0.9999331204333796,0.5087146247480032
requests-720,121191,54996,66195,0,121185,0.9998909011564477,0.4537690308206461
requests-652,121192,54999,66193,0,121198,0.9999090892561683,0.4537533622667041
requests-667,121189,54996,66193,0,121193,0.9999818168594079,0.4537803338476645
requests-680,148090,54437,93653,0,148350,0.999742821977699,0.36685540950455003
requests-698,121193,54998,66195,0,121184,0.999836357685734,0.4537645233694217
xarray-1166,91936,30182,61754,0,91947,0.9999006030084157,0.32822169293179765
xarray-431,91951,30197,61754,0,91938,0.9994701460409975,0.3282755770192956
xarray-581,121613,30938,90675,0,119539,0.999612127480768,0.25871054634889035
xarray-733,91938,30184,61754,0,91948,0.9999006095944871,0.3282398747117936
xarray-1014,91947,30196,61751,0,91942,0.9997681812160552,0.32834830654108027
sphinx-860,120852,54845,66007,0,120855,0.9998176679733796,0.4537255388688925
sphinx-728,120848,54836,66012,0,120859,0.9998905828287986,0.45366915165606203
sphinx-762,120860,54848,66012,0,121115,0.9998906067677946,0.45280931346241177
sphinx-793,120856,54842,66014,0,120849,0.9997811895992122,0.45370669182202583
sphinx-830,120850,54838,66012,0,120862,0.9999452934096794,0.4536992603134153
sympy-614,121212,55004,66208,0,121210,0.9998363755363247,0.4537166900420757
sympy-628,121215,55003,66212,0,121217,0.9999454575204989,0.45373173729757377
sympy-569,149436,54436,95000,0,147741,0.9997060768609008,0.36834731049607083
sympy-586,121216,55006,66210,0,121212,0.9998727411555103,0.45374220374220375
sympy-602,121217,55007,66210,0,121212,0.9999091024778665,0.45376695376695375
