uid,config,ok,insts,cycles,DCACHE_MISS_ONPATH,ICACHE_MISS_ONPATH,MLC_MISS_ONPATH,L1_MISS_ONPATH,spf_lines,spf_instructions,task,spf_which,spf_d_lookups,spf_d_hits,spf_i_lookups,spf_i_hits,spf_dest,spf_timing,spf_lookahead,spf_width,spf_records,spf_sent,spf_late_skipped,spf_queue_stalls,spf_installed,spf_already_present,spf_set_full
django-525,record_self,1,99999554,55420016,2616077,172687,380921,66265,150061,100000063,django__django-13809,,,,,,,,,,,,,,,,
django-525,record_prevproc,1,99999556,55447969,2622375,177829,380106,66063,150059,100000210,django__django-13809,,,,,,,,,,,,,,,,
django-532,record_self,1,86883149,52951828,2751502,169786,444144,72382,117546,86883665,django__django-13809,,,,,,,,,,,,,,,,
django-532,record_prevproc,1,87027233,52998605,2735438,168956,444495,71911,117554,87027749,django__django-13809,,,,,,,,,,,,,,,,
django-540,record_self,1,86871470,52947161,2741757,167188,444474,72660,117545,86871986,django__django-13809,,,,,,,,,,,,,,,,
django-540,record_prevproc,1,87190467,52974697,2748303,167524,443136,72183,117565,87190983,django__django-13809,,,,,,,,,,,,,,,,
django-556,record_self,1,87374390,53233572,2753102,168424,445119,72443,117552,87374906,django__django-13809,,,,,,,,,,,,,,,,
django-556,record_prevproc,1,87009565,52864127,2745585,167738,443696,72013,117557,87010081,django__django-13809,,,,,,,,,,,,,,,,
django-564,record_self,1,87050094,53020220,2754073,171472,443611,71852,117561,87050610,django__django-13809,,,,,,,,,,,,,,,,
django-564,record_prevproc,1,87136145,53097145,2752667,171283,444501,72902,117547,87136661,django__django-13809,,,,,,,,,,,,,,,,
requests-720,record_self,1,99050018,60271210,2998366,170619,495090,79775,121185,99050555,psf__requests-1142,,,,,,,,,,,,,,,,
requests-720,record_prevproc,1,98997998,60242290,3005611,172879,494820,79618,121191,98998535,psf__requests-1142,,,,,,,,,,,,,,,,
requests-652,record_self,1,98970664,60160359,3000456,170735,494202,79806,121198,98971201,psf__requests-1142,,,,,,,,,,,,,,,,
requests-652,record_prevproc,1,98786676,60180551,2999885,170155,492574,79394,121192,98787213,psf__requests-1142,,,,,,,,,,,,,,,,
requests-667,record_self,1,99070740,60333858,2997798,171876,491722,79852,121193,99071277,psf__requests-1142,,,,,,,,,,,,,,,,
requests-667,record_prevproc,1,99081393,60330034,3010110,171912,494072,79141,121189,99081930,psf__requests-1142,,,,,,,,,,,,,,,,
requests-680,record_self,1,99999541,51802643,2306218,170379,318590,60516,148350,100000660,psf__requests-1142,,,,,,,,,,,,,,,,
requests-680,record_prevproc,1,99999540,51784777,2305156,171753,320801,59179,148090,100000664,psf__requests-1142,,,,,,,,,,,,,,,,
requests-698,record_self,1,98766171,60119324,2997714,174035,495163,79860,121184,98766708,psf__requests-1142,,,,,,,,,,,,,,,,
requests-698,record_prevproc,1,99232023,60385823,3007604,171521,493736,79926,121193,99232560,psf__requests-1142,,,,,,,,,,,,,,,,
xarray-1166,record_self,1,91830366,54344348,2759265,139155,436953,56450,91947,91854093,pydata__xarray-2905,,,,,,,,,,,,,,,,
xarray-1166,record_prevproc,1,92198958,54334795,2760639,138002,436179,56841,91936,92222665,pydata__xarray-2905,,,,,,,,,,,,,,,,
xarray-431,record_self,1,92068545,54593214,2756229,140042,435920,56690,91938,92092270,pydata__xarray-2905,,,,,,,,,,,,,,,,
xarray-431,record_prevproc,1,91946002,54521256,2761489,139132,436712,56603,91951,91969729,pydata__xarray-2905,,,,,,,,,,,,,,,,
xarray-581,record_self,1,99954640,49591272,2133662,159019,260450,50919,119539,99981477,pydata__xarray-2905,,,,,,,,,,,,,,,,
xarray-581,record_prevproc,1,99949126,49635628,2120150,160336,263112,53036,121613,99976089,pydata__xarray-2905,,,,,,,,,,,,,,,,
xarray-733,record_self,1,91750469,54339034,2761157,139653,435384,56609,91948,91774192,pydata__xarray-2905,,,,,,,,,,,,,,,,
xarray-733,record_prevproc,1,92121504,54568867,2757113,139548,436180,56774,91938,92145220,pydata__xarray-2905,,,,,,,,,,,,,,,,
xarray-1014,record_self,1,92221749,54585849,2765803,138233,436110,57091,91942,92245461,pydata__xarray-2905,,,,,,,,,,,,,,,,
xarray-1014,record_prevproc,1,92008088,54293506,2756787,138086,436469,56547,91947,92031795,pydata__xarray-2905,,,,,,,,,,,,,,,,
sphinx-860,record_self,1,99999541,60426948,2983930,174586,486315,75375,120855,100000058,sphinx-doc__sphinx-8459,,,,,,,,,,,,,,,,
sphinx-860,record_prevproc,1,99999543,60387142,2980565,172609,487784,75482,120852,100000159,sphinx-doc__sphinx-8459,,,,,,,,,,,,,,,,
sphinx-728,record_self,1,99999541,60314404,2991272,171696,487102,75548,120859,100000174,sphinx-doc__sphinx-8459,,,,,,,,,,,,,,,,
sphinx-728,record_prevproc,1,99999544,60429438,2969151,174877,485353,75198,120848,100000198,sphinx-doc__sphinx-8459,,,,,,,,,,,,,,,,
sphinx-762,record_self,1,99973089,60561311,3009470,174879,489973,76027,121115,99973626,sphinx-doc__sphinx-8459,,,,,,,,,,,,,,,,
sphinx-762,record_prevproc,1,99999544,60468689,2994007,174300,489074,75652,120860,100000038,sphinx-doc__sphinx-8459,,,,,,,,,,,,,,,,
sphinx-793,record_self,1,99999540,60382754,2979699,176127,485523,75412,120849,100000081,sphinx-doc__sphinx-8459,,,,,,,,,,,,,,,,
sphinx-793,record_prevproc,1,99999542,60286873,3003293,175831,488206,75308,120856,100000033,sphinx-doc__sphinx-8459,,,,,,,,,,,,,,,,
sphinx-830,record_self,1,99999541,60432952,2988669,173646,487244,75408,120862,100000191,sphinx-doc__sphinx-8459,,,,,,,,,,,,,,,,
sphinx-830,record_prevproc,1,99999542,60273825,2971313,176188,483657,75100,120850,100000125,sphinx-doc__sphinx-8459,,,,,,,,,,,,,,,,
sympy-614,record_self,1,98975341,60242258,3004971,172091,494504,79720,121210,98975878,sympy__sympy-11618,,,,,,,,,,,,,,,,
sympy-614,record_prevproc,1,99064330,60293359,3004095,171563,495740,79793,121212,99064867,sympy__sympy-11618,,,,,,,,,,,,,,,,
sympy-628,record_self,1,98866492,60196935,3002425,171331,495327,79240,121217,98867029,sympy__sympy-11618,,,,,,,,,,,,,,,,
sympy-628,record_prevproc,1,98842217,60023972,2996087,169559,495018,79452,121215,98842754,sympy__sympy-11618,,,,,,,,,,,,,,,,
sympy-569,record_self,1,99999544,51599139,2301794,167000,319900,59278,147741,100000650,sympy__sympy-11618,,,,,,,,,,,,,,,,
sympy-569,record_prevproc,1,99999544,51620473,2317533,168874,318841,61584,149436,100000449,sympy__sympy-11618,,,,,,,,,,,,,,,,
sympy-586,record_self,1,99092863,60208346,3005594,172693,494527,79497,121212,99093367,sympy__sympy-11618,,,,,,,,,,,,,,,,
sympy-586,record_prevproc,1,99009362,60255124,2997230,170878,492985,79232,121216,99009899,sympy__sympy-11618,,,,,,,,,,,,,,,,
sympy-602,record_self,1,98846885,60242455,3002432,170839,495193,78890,121212,98847422,sympy__sympy-11618,,,,,,,,,,,,,,,,
sympy-602,record_prevproc,1,99006274,60482382,2999770,172872,495337,78859,121217,99006811,sympy__sympy-11618,,,,,,,,,,,,,,,,
django-525,base,1,99999554,55420016,2616077,172687,380921,66265,,,django__django-13809,,,,,,,,,,,,,,,,
django-525,ideal_l1d_prev,1,99999554,52411172,1846324,173856,233488,36461,,,django__django-13809,,,,,,,,,,,,,,,,
django-525,ideal_l1i_prev,1,99999554,53307698,2623876,7,371017,63912,,,django__django-13809,,,,,,,,,,,,,,,,
django-525,ideal_l1_prev,1,99999554,50325601,1850952,8,224659,33841,,,django__django-13809,,,,,,,,,,,,,,,,
django-525,ideal_l1_self,1,99999554,44387491,0,0,24,61,,,django__django-13809,,,,,,,,,,,,,,,,
django-525,count_prev,1,99999554,55420016,2616077,172687,380921,66265,59752,100000063,django__django-13809,7,2793041,559805,172687,172680,,,,,,,,,,,
django-525,install_prev,1,99999554,54990210,2611548,172593,346001,53018,,100000063,django__django-13809,,,,,,4,0,20000,4,59752,0,0,0,49121,16384,53999
django-525,perfect_l1d,1,99999554,45802382,0,173983,1698,1059,,,django__django-13809,,,,,,,,,,,,,,,,
django-525,perfect_all,1,99999554,44088722,0,0,0,0,,,django__django-13809,,,,,,,,,,,,,,,,
django-525,l1d_2x,1,99999554,54506979,2071611,173625,372740,66083,,,django__django-13809,,,,,,,,,,,,,,,,
django-525,l2_2x,1,99999554,52408140,2598829,172386,265265,55432,,,django__django-13809,,,,,,,,,,,,,,,,
requests-680,base,1,99999541,51802643,2306218,170379,318590,60516,,,psf__requests-1142,,,,,,,,,,,,,,,,
requests-680,ideal_l1d_prev,1,99999541,49553529,1649862,170961,190998,36100,,,psf__requests-1142,,,,,,,,,,,,,,,,
requests-680,ideal_l1i_prev,1,99999541,49767834,2312718,10,311205,57971,,,psf__requests-1142,,,,,,,,,,,,,,,,
requests-680,ideal_l1_prev,1,99999541,47546537,1656128,11,183580,33959,,,psf__requests-1142,,,,,,,,,,,,,,,,
requests-680,ideal_l1_self,1,99999541,43539049,0,0,14,80,,,psf__requests-1142,,,,,,,,,,,,,,,,
requests-680,count_prev,1,99999541,51802643,2306218,170379,318590,60516,54437,100000660,psf__requests-1142,7,2466310,473482,170379,170371,,,,,,,,,,,
requests-680,install_prev,1,99999541,51403507,2301616,170260,279754,48193,,100000660,psf__requests-1142,,,,,,4,0,20000,4,54437,0,0,0,48634,16384,43856
requests-680,perfect_l1d,1,99999541,45041838,0,170401,1520,1088,,,psf__requests-1142,,,,,,,,,,,,,,,,
requests-680,perfect_all,1,99999541,43285347,0,0,0,0,,,psf__requests-1142,,,,,,,,,,,,,,,,
requests-680,l1d_2x,1,99999541,50965499,1783995,170838,310634,60735,,,psf__requests-1142,,,,,,,,,,,,,,,,
requests-680,l2_2x,1,99999543,50180639,2294903,169844,246619,51920,,,psf__requests-1142,,,,,,,,,,,,,,,,
sphinx-860,base,1,99999541,60426948,2983930,174586,486315,75375,,,sphinx-doc__sphinx-8459,,,,,,,,,,,,,,,,
sphinx-860,ideal_l1d_prev,1,99999541,57911973,2280527,175101,347933,48773,,,sphinx-doc__sphinx-8459,,,,,,,,,,,,,,,,
sphinx-860,ideal_l1i_prev,1,99999541,58252162,2991010,9,475613,72498,,,sphinx-doc__sphinx-8459,,,,,,,,,,,,,,,,
sphinx-860,ideal_l1_prev,1,99999541,55765406,2286881,10,339509,46155,,,sphinx-doc__sphinx-8459,,,,,,,,,,,,,,,,
sphinx-860,ideal_l1_self,1,99999543,45422376,0,0,17,102,,,sphinx-doc__sphinx-8459,,,,,,,,,,,,,,,,
sphinx-860,count_prev,1,99999541,60426948,2983930,174586,486315,75375,54845,100000058,sphinx-doc__sphinx-8459,7,3110579,507578,174586,174577,,,,,,,,,,,
sphinx-860,install_prev,1,99999541,60043633,2979774,174406,447331,63182,,100000058,sphinx-doc__sphinx-8459,,,,,,4,0,20000,4,54845,0,0,0,48746,16384,44560
sphinx-860,perfect_l1d,1,99999543,47037804,0,174724,1834,1117,,,sphinx-doc__sphinx-8459,,,,,,,,,,,,,,,,
sphinx-860,perfect_all,1,99999543,45175727,0,0,0,0,,,sphinx-doc__sphinx-8459,,,,,,,,,,,,,,,,
sphinx-860,l1d_2x,1,99999541,59357391,2405484,175028,472363,75104,,,sphinx-doc__sphinx-8459,,,,,,,,,,,,,,,,
sphinx-860,l2_2x,1,99999541,56858962,2961851,173892,303431,59426,,,sphinx-doc__sphinx-8459,,,,,,,,,,,,,,,,
sphinx-728,base,1,99999541,60314404,2991272,171696,487102,75548,,,sphinx-doc__sphinx-8459,,,,,,,,,,,,,,,,
sphinx-728,ideal_l1d_prev,1,99999544,57768244,2291848,171860,349694,48994,,,sphinx-doc__sphinx-8459,,,,,,,,,,,,,,,,
sphinx-728,ideal_l1i_prev,1,99999541,58155063,2997744,13,476286,72674,,,sphinx-doc__sphinx-8459,,,,,,,,,,,,,,,,
sphinx-728,ideal_l1_prev,1,99999544,55634907,2297449,14,341167,46219,,,sphinx-doc__sphinx-8459,,,,,,,,,,,,,,,,
sphinx-728,ideal_l1_self,1,99999542,45229962,0,0,13,88,,,sphinx-doc__sphinx-8459,,,,,,,,,,,,,,,,
sphinx-728,count_prev,1,99999541,60314404,2991272,171696,487102,75548,54836,100000174,sphinx-doc__sphinx-8459,7,3119557,507585,171696,171684,,,,,,,,,,,
sphinx-728,install_prev,1,99999541,59922463,2986907,171564,448601,63508,,100000174,sphinx-doc__sphinx-8459,,,,,,4,0,20000,4,54836,0,0,0,48746,16384,44542
sphinx-728,perfect_l1d,1,99999542,46800370,0,171580,1836,1131,,,sphinx-doc__sphinx-8459,,,,,,,,,,,,,,,,
sphinx-728,perfect_all,1,99999542,44960761,0,0,0,0,,,sphinx-doc__sphinx-8459,,,,,,,,,,,,,,,,
sphinx-728,l1d_2x,1,99999542,59191652,2412158,171889,475131,75152,,,sphinx-doc__sphinx-8459,,,,,,,,,,,,,,,,
sphinx-728,l2_2x,1,99999541,56721666,2969041,170782,303739,59514,,,sphinx-doc__sphinx-8459,,,,,,,,,,,,,,,,
sphinx-793,base,1,99999540,60382754,2979699,176127,485523,75412,,,sphinx-doc__sphinx-8459,,,,,,,,,,,,,,,,
sphinx-793,ideal_l1d_prev,1,99999540,57844408,2281731,176546,347546,48642,,,sphinx-doc__sphinx-8459,,,,,,,,,,,,,,,,
sphinx-793,ideal_l1i_prev,1,99999540,58240104,2986347,10,475191,71962,,,sphinx-doc__sphinx-8459,,,,,,,,,,,,,,,,
sphinx-793,ideal_l1_prev,1,99999540,55728577,2287666,10,339124,45992,,,sphinx-doc__sphinx-8459,,,,,,,,,,,,,,,,
sphinx-793,ideal_l1_self,1,99999542,45345785,0,0,21,101,,,sphinx-doc__sphinx-8459,,,,,,,,,,,,,,,,
sphinx-793,count_prev,1,99999540,60382754,2979699,176127,485523,75412,54842,100000081,sphinx-doc__sphinx-8459,7,3106152,502375,176127,176118,,,,,,,,,,,
sphinx-793,install_prev,1,99999540,60035247,2975869,176013,446940,63267,,100000081,sphinx-doc__sphinx-8459,,,,,,4,0,20000,4,54842,0,0,0,48746,16384,44554
sphinx-793,perfect_l1d,1,99999542,46944537,0,175903,1825,1117,,,sphinx-doc__sphinx-8459,,,,,,,,,,,,,,,,
sphinx-793,perfect_all,1,99999542,45090932,0,0,0,0,,,sphinx-doc__sphinx-8459,,,,,,,,,,,,,,,,
sphinx-793,l1d_2x,1,99999540,59290002,2399402,176396,472130,75035,,,sphinx-doc__sphinx-8459,,,,,,,,,,,,,,,,
sphinx-793,l2_2x,1,99999540,56830563,2957971,175239,303083,59464,,,sphinx-doc__sphinx-8459,,,,,,,,,,,,,,,,
sphinx-830,base,1,99999541,60432952,2988669,173646,487244,75408,,,sphinx-doc__sphinx-8459,,,,,,,,,,,,,,,,
sphinx-830,ideal_l1d_prev,1,99999541,57898106,2288165,173871,349500,49122,,,sphinx-doc__sphinx-8459,,,,,,,,,,,,,,,,
sphinx-830,ideal_l1i_prev,1,99999541,58247697,2995510,15,477899,72496,,,sphinx-doc__sphinx-8459,,,,,,,,,,,,,,,,
sphinx-830,ideal_l1_prev,1,99999541,55738176,2294138,16,340961,46273,,,sphinx-doc__sphinx-8459,,,,,,,,,,,,,,,,
sphinx-830,ideal_l1_self,1,99999540,45321014,0,0,16,87,,,sphinx-doc__sphinx-8459,,,,,,,,,,,,,,,,
sphinx-830,count_prev,1,99999541,60432952,2988669,173646,487244,75408,54838,100000191,sphinx-doc__sphinx-8459,7,3116481,509454,173646,173630,,,,,,,,,,,
sphinx-830,install_prev,1,99999541,60037568,2984718,173500,449810,63248,,100000191,sphinx-doc__sphinx-8459,,,,,,4,0,20000,4,54838,0,0,0,48748,16384,44544
sphinx-830,perfect_l1d,1,99999540,46925673,0,173395,1816,1118,,,sphinx-doc__sphinx-8459,,,,,,,,,,,,,,,,
sphinx-830,perfect_all,1,99999540,45069531,0,0,0,0,,,sphinx-doc__sphinx-8459,,,,,,,,,,,,,,,,
sphinx-830,l1d_2x,1,99999541,59317161,2411887,173826,475074,74823,,,sphinx-doc__sphinx-8459,,,,,,,,,,,,,,,,
sphinx-830,l2_2x,1,99999541,56808814,2966968,172718,304792,59316,,,sphinx-doc__sphinx-8459,,,,,,,,,,,,,,,,
sympy-569,base,1,99999544,51599139,2301794,167000,319900,59278,,,sympy__sympy-11618,,,,,,,,,,,,,,,,
sympy-569,ideal_l1d_prev,1,99999544,49419010,1656122,167608,192867,35010,,,sympy__sympy-11618,,,,,,,,,,,,,,,,
sympy-569,ideal_l1i_prev,1,99999544,49582757,2308575,11,312001,57301,,,sympy__sympy-11618,,,,,,,,,,,,,,,,
sympy-569,ideal_l1_prev,1,99999544,47408408,1662603,11,185429,33272,,,sympy__sympy-11618,,,,,,,,,,,,,,,,
sympy-569,ideal_l1_self,1,99999546,43386987,0,0,13,86,,,sympy__sympy-11618,,,,,,,,,,,,,,,,
sympy-569,count_prev,1,99999544,51599139,2301794,167000,319900,59278,54436,100000650,sympy__sympy-11618,7,2462924,472726,167000,166990,,,,,,,,,,,
sympy-569,install_prev,1,99999544,51221032,2297851,166854,282107,47058,,100000650,sympy__sympy-11618,,,,,,4,0,20000,4,54436,0,0,0,48633,16384,43855
sympy-569,perfect_l1d,1,99999546,44866827,0,167364,1535,1080,,,sympy__sympy-11618,,,,,,,,,,,,,,,,
sympy-569,perfect_all,1,99999546,43138875,0,0,0,0,,,sympy__sympy-11618,,,,,,,,,,,,,,,,
sympy-569,l1d_2x,1,99999544,50748116,1788052,167510,312793,59250,,,sympy__sympy-11618,,,,,,,,,,,,,,,,
sympy-569,l2_2x,1,99999544,49980820,2290323,166319,245555,50664,,,sympy__sympy-11618,,,,,,,,,,,,,,,,
xarray-581,base,1,99954640,49591272,2133662,159019,260450,50919,,,pydata__xarray-2905,,,,,,,,,,,,,,,,
xarray-581,ideal_l1d_prev,1,99954640,47850669,1733831,159495,204754,36970,,,pydata__xarray-2905,,,,,,,,,,,,,,,,
xarray-581,ideal_l1i_prev,1,99954640,47537768,2139205,8,253979,48396,,,pydata__xarray-2905,,,,,,,,,,,,,,,,
xarray-581,ideal_l1_prev,1,99954640,45770236,1738987,8,198197,34376,,,pydata__xarray-2905,,,,,,,,,,,,,,,,
xarray-581,ideal_l1_self,1,99954640,41200173,0,0,16,66,,,pydata__xarray-2905,,,,,,,,,,,,,,,,
xarray-581,count_prev,1,99954640,49591272,2133662,159019,260450,50919,30938,99981477,pydata__xarray-2905,7,2295506,254364,159019,159013,,,,,,,,,,,
xarray-581,install_prev,1,99954640,49102721,2131526,158686,235805,42801,,99981477,pydata__xarray-2905,,,,,,4,0,20000,4,30938,0,0,0,30938,16383,14555
xarray-581,perfect_l1d,1,99954640,42665537,0,158626,1132,784,,,pydata__xarray-2905,,,,,,,,,,,,,,,,
xarray-581,perfect_all,1,99954640,40911923,0,0,0,0,,,pydata__xarray-2905,,,,,,,,,,,,,,,,
xarray-581,l1d_2x,1,99954640,48775891,1666463,159245,252543,50877,,,pydata__xarray-2905,,,,,,,,,,,,,,,,
xarray-581,l2_2x,1,99954640,47680138,2116440,157920,176791,40406,,,pydata__xarray-2905,,,,,,,,,,,,,,,,
sphinx-762,base,1,99973089,60561311,3009470,174879,489973,76027,,,sphinx-doc__sphinx-8459,,,,,,,,,,,,,,,,
sphinx-762,ideal_l1d_prev,1,99973089,57963024,2290265,175322,350124,49365,,,sphinx-doc__sphinx-8459,,,,,,,,,,,,,,,,
sphinx-762,ideal_l1i_prev,1,99973089,58361224,3015708,43,480217,72965,,,sphinx-doc__sphinx-8459,,,,,,,,,,,,,,,,
sphinx-762,ideal_l1_prev,1,99973089,55823372,2296205,47,341832,46629,,,sphinx-doc__sphinx-8459,,,,,,,,,,,,,,,,
sphinx-762,ideal_l1_self,1,99973089,45356528,0,0,19,96,,,sphinx-doc__sphinx-8459,,,,,,,,,,,,,,,,
sphinx-762,count_prev,1,99973089,60561311,3009470,174879,489973,76027,54848,99973626,sphinx-doc__sphinx-8459,7,3138088,521847,174879,174840,,,,,,,,,,,
sphinx-762,install_prev,1,99973089,60186388,3004809,174761,452198,64254,,99973626,sphinx-doc__sphinx-8459,,,,,,4,0,20000,4,54848,0,0,0,48747,16384,44565
sphinx-762,perfect_l1d,1,99973089,46976639,0,174893,1894,1133,,,sphinx-doc__sphinx-8459,,,,,,,,,,,,,,,,
sphinx-762,perfect_all,1,99973089,45107161,0,0,0,0,,,sphinx-doc__sphinx-8459,,,,,,,,,,,,,,,,
sphinx-762,l1d_2x,1,99973089,59444639,2425609,175404,476682,75373,,,sphinx-doc__sphinx-8459,,,,,,,,,,,,,,,,
sphinx-762,l2_2x,1,99973089,56933715,2987504,174022,306428,59909,,,sphinx-doc__sphinx-8459,,,,,,,,,,,,,,,,
sympy-586,base,1,99092863,60208346,3005594,172693,494527,79497,,,sympy__sympy-11618,,,,,,,,,,,,,,,,
sympy-586,ideal_l1d_prev,1,99092863,57624176,2291001,173400,356417,52285,,,sympy__sympy-11618,,,,,,,,,,,,,,,,
sympy-586,ideal_l1i_prev,1,99092863,58023299,3012267,6,485257,75963,,,sympy__sympy-11618,,,,,,,,,,,,,,,,
sympy-586,ideal_l1_prev,1,99092863,55440413,2298122,8,348198,49191,,,sympy__sympy-11618,,,,,,,,,,,,,,,,
sympy-586,ideal_l1_self,1,99092863,44822994,0,0,20,100,,,sympy__sympy-11618,,,,,,,,,,,,,,,,
sympy-586,count_prev,1,99092863,60208346,3005594,172693,494527,79497,55006,99093367,sympy__sympy-11618,7,3132318,520958,172693,172687,,,,,,,,,,,
sympy-586,install_prev,1,99092863,59807437,3001900,172485,456819,67149,,99093367,sympy__sympy-11618,,,,,,4,0,20000,4,55006,0,0,0,48765,16384,44863
sympy-586,perfect_l1d,1,99092863,46402669,0,172666,1840,1133,,,sympy__sympy-11618,,,,,,,,,,,,,,,,
sympy-586,perfect_all,1,99092863,44583563,0,0,0,0,,,sympy__sympy-11618,,,,,,,,,,,,,,,,
sympy-586,l1d_2x,1,99092863,59068954,2422602,173073,482103,78569,,,sympy__sympy-11618,,,,,,,,,,,,,,,,
sympy-586,l2_2x,1,99092863,56469123,2983942,171802,310796,62020,,,sympy__sympy-11618,,,,,,,,,,,,,,,,
requests-667,base,1,99070740,60333858,2997798,171876,491722,79852,,,psf__requests-1142,,,,,,,,,,,,,,,,
requests-667,ideal_l1d_prev,1,99070740,57757099,2291898,172399,353572,52732,,,psf__requests-1142,,,,,,,,,,,,,,,,
requests-667,ideal_l1i_prev,1,99070740,58165227,3004744,7,483079,76567,,,psf__requests-1142,,,,,,,,,,,,,,,,
requests-667,ideal_l1_prev,1,99070740,55578897,2298411,8,345720,49509,,,psf__requests-1142,,,,,,,,,,,,,,,,
requests-667,ideal_l1_self,1,99070740,44941580,0,0,18,89,,,psf__requests-1142,,,,,,,,,,,,,,,,
requests-667,count_prev,1,99070740,60333858,2997798,171876,491722,79852,54996,99071277,psf__requests-1142,7,3123864,518553,171876,171869,,,,,,,,,,,
requests-667,install_prev,1,99070740,59951287,2993764,171705,452683,67253,,99071277,psf__requests-1142,,,,,,4,0,20000,4,54996,0,0,0,48765,16384,44843
requests-667,perfect_l1d,1,99070740,46528957,0,171866,1829,1111,,,psf__requests-1142,,,,,,,,,,,,,,,,
requests-667,perfect_all,1,99070740,44693837,0,0,0,0,,,psf__requests-1142,,,,,,,,,,,,,,,,
requests-667,l1d_2x,1,99070740,59252159,2422361,172331,478734,79035,,,psf__requests-1142,,,,,,,,,,,,,,,,
requests-667,l2_2x,1,99070740,56652401,2976388,171200,309478,62204,,,psf__requests-1142,,,,,,,,,,,,,,,,
requests-720,base,1,99050018,60271210,2998366,170619,495090,79775,,,psf__requests-1142,,,,,,,,,,,,,,,,
requests-720,ideal_l1d_prev,1,99050018,57674779,2292763,171242,355983,52708,,,psf__requests-1142,,,,,,,,,,,,,,,,
requests-720,ideal_l1i_prev,1,99050018,58153560,3005410,6,484947,76766,,,psf__requests-1142,,,,,,,,,,,,,,,,
requests-720,ideal_l1_prev,1,99050018,55552378,2298873,7,347705,49735,,,psf__requests-1142,,,,,,,,,,,,,,,,
requests-720,ideal_l1_self,1,99050018,44871037,0,0,24,106,,,psf__requests-1142,,,,,,,,,,,,,,,,
requests-720,count_prev,1,99050018,60271210,2998366,170619,495090,79775,54996,99050555,psf__requests-1142,7,3123596,517746,170619,170613,,,,,,,,,,,
requests-720,install_prev,1,99050018,59921327,2994024,170474,455409,67434,,99050555,psf__requests-1142,,,,,,4,0,20000,4,54996,0,0,0,48766,16384,44842
requests-720,perfect_l1d,1,99050018,46440314,0,170742,1790,1109,,,psf__requests-1142,,,,,,,,,,,,,,,,
requests-720,perfect_all,1,99050018,44620463,0,0,0,0,,,psf__requests-1142,,,,,,,,,,,,,,,,
requests-720,l1d_2x,1,99050018,59166653,2421891,171058,481355,78699,,,psf__requests-1142,,,,,,,,,,,,,,,,
requests-720,l2_2x,1,99050018,56590870,2976700,169720,310503,62238,,,psf__requests-1142,,,,,,,,,,,,,,,,
sympy-614,base,1,98975341,60242258,3004971,172091,494504,79720,,,sympy__sympy-11618,,,,,,,,,,,,,,,,
sympy-614,ideal_l1d_prev,1,98975341,57617387,2293818,172650,355309,52508,,,sympy__sympy-11618,,,,,,,,,,,,,,,,
sympy-614,ideal_l1i_prev,1,98975341,58037615,3011659,12,484754,76138,,,sympy__sympy-11618,,,,,,,,,,,,,,,,
sympy-614,ideal_l1_prev,1,98975341,55457162,2300086,13,347020,49331,,,sympy__sympy-11618,,,,,,,,,,,,,,,,
sympy-614,ideal_l1_self,1,98975341,44804264,0,0,19,111,,,sympy__sympy-11618,,,,,,,,,,,,,,,,
sympy-614,count_prev,1,98975341,60242258,3004971,172091,494504,79720,55004,98975878,sympy__sympy-11618,7,3131887,521475,172091,172080,,,,,,,,,,,
sympy-614,install_prev,1,98975341,59856311,3000958,171942,457393,67347,,98975878,sympy__sympy-11618,,,,,,4,0,20000,4,55004,0,0,0,48764,16384,44860
sympy-614,perfect_l1d,1,98975341,46377757,0,172112,1763,1113,,,sympy__sympy-11618,,,,,,,,,,,,,,,,
sympy-614,perfect_all,1,98975341,44551740,0,0,0,0,,,sympy__sympy-11618,,,,,,,,,,,,,,,,
sympy-614,l1d_2x,1,98975341,59140464,2424222,172564,479870,78565,,,sympy__sympy-11618,,,,,,,,,,,,,,,,
sympy-614,l2_2x,1,98975341,56534182,2983210,171425,311684,61806,,,sympy__sympy-11618,,,,,,,,,,,,,,,,
requests-652,base,1,98970664,60160359,3000456,170735,494202,79806,,,psf__requests-1142,,,,,,,,,,,,,,,,
requests-652,ideal_l1d_prev,1,98970664,57570731,2292479,171346,355315,52680,,,psf__requests-1142,,,,,,,,,,,,,,,,
requests-652,ideal_l1i_prev,1,98970664,57990891,3006934,9,484057,76393,,,psf__requests-1142,,,,,,,,,,,,,,,,
requests-652,ideal_l1_prev,1,98970664,55419528,2299030,9,347447,49669,,,psf__requests-1142,,,,,,,,,,,,,,,,
requests-652,ideal_l1_self,1,98970664,44785240,0,0,22,99,,,psf__requests-1142,,,,,,,,,,,,,,,,
requests-652,count_prev,1,98970664,60160359,3000456,170735,494202,79806,54999,98971201,psf__requests-1142,7,3127356,519537,170735,170727,,,,,,,,,,,
requests-652,install_prev,1,98970664,59767962,2996099,170591,457475,67375,,98971201,psf__requests-1142,,,,,,4,0,20000,4,54999,0,0,0,48767,16384,44847
requests-652,perfect_l1d,1,98970664,46363237,0,170821,1808,1117,,,psf__requests-1142,,,,,,,,,,,,,,,,
requests-652,perfect_all,1,98970664,44541225,0,0,0,0,,,psf__requests-1142,,,,,,,,,,,,,,,,
requests-652,l1d_2x,1,98970664,59032704,2420856,171229,481243,79221,,,psf__requests-1142,,,,,,,,,,,,,,,,
requests-652,l2_2x,1,98970664,56458633,2978079,170013,309652,62089,,,psf__requests-1142,,,,,,,,,,,,,,,,
sympy-628,base,1,98866492,60196935,3002425,171331,495327,79240,,,sympy__sympy-11618,,,,,,,,,,,,,,,,
sympy-628,ideal_l1d_prev,1,98866492,57604835,2290302,171674,356351,52593,,,sympy__sympy-11618,,,,,,,,,,,,,,,,
sympy-628,ideal_l1i_prev,1,98866492,58002331,3009231,8,486356,76180,,,sympy__sympy-11618,,,,,,,,,,,,,,,,
sympy-628,ideal_l1_prev,1,98866492,55438178,2297948,11,348377,49463,,,sympy__sympy-11618,,,,,,,,,,,,,,,,
sympy-628,ideal_l1_self,1,98866492,44786488,0,0,27,102,,,sympy__sympy-11618,,,,,,,,,,,,,,,,
sympy-628,count_prev,1,98866492,60196935,3002425,171331,495327,79240,55003,98867029,sympy__sympy-11618,7,3129113,520759,171331,171324,,,,,,,,,,,
sympy-628,install_prev,1,98866492,59803959,2998128,171203,459181,67246,,98867029,sympy__sympy-11618,,,,,,4,0,20000,4,55003,0,0,0,48767,16384,44855
sympy-628,perfect_l1d,1,98866492,46354349,0,171432,1796,1107,,,sympy__sympy-11618,,,,,,,,,,,,,,,,
sympy-628,perfect_all,1,98866492,44535392,0,0,0,0,,,sympy__sympy-11618,,,,,,,,,,,,,,,,
sympy-628,l1d_2x,1,98866492,59074858,2422439,171632,482351,78698,,,sympy__sympy-11618,,,,,,,,,,,,,,,,
sympy-628,l2_2x,1,98866492,56473011,2980492,170500,309955,61578,,,sympy__sympy-11618,,,,,,,,,,,,,,,,
sympy-602,base,1,98846885,60242455,3002432,170839,495193,78890,,,sympy__sympy-11618,,,,,,,,,,,,,,,,
sympy-602,ideal_l1d_prev,1,98846885,57678451,2293376,171324,357037,52399,,,sympy__sympy-11618,,,,,,,,,,,,,,,,
sympy-602,ideal_l1i_prev,1,98846885,58104560,3009553,6,487351,76512,,,sympy__sympy-11618,,,,,,,,,,,,,,,,
sympy-602,ideal_l1_prev,1,98846885,55531224,2299015,7,349060,49456,,,sympy__sympy-11618,,,,,,,,,,,,,,,,
sympy-602,ideal_l1_self,1,98846885,44800937,0,0,17,100,,,sympy__sympy-11618,,,,,,,,,,,,,,,,
sympy-602,count_prev,1,98846885,60242455,3002432,170839,495193,78890,55007,98847422,sympy__sympy-11618,7,3129458,521139,170839,170833,,,,,,,,,,,
sympy-602,install_prev,1,98846885,59867143,2998182,170679,456481,66994,,98847422,sympy__sympy-11618,,,,,,4,0,20000,4,55007,0,0,0,48767,16384,44863
sympy-602,perfect_l1d,1,98846885,46365149,0,170493,1794,1101,,,sympy__sympy-11618,,,,,,,,,,,,,,,,
sympy-602,perfect_all,1,98846885,44554210,0,0,0,0,,,sympy__sympy-11618,,,,,,,,,,,,,,,,
sympy-602,l1d_2x,1,98846885,59142680,2426848,171076,483151,78708,,,sympy__sympy-11618,,,,,,,,,,,,,,,,
sympy-602,l2_2x,1,98846885,56497438,2980703,169977,310497,61882,,,sympy__sympy-11618,,,,,,,,,,,,,,,,
requests-698,base,1,98766171,60119324,2997714,174035,495163,79860,,,psf__requests-1142,,,,,,,,,,,,,,,,
requests-698,ideal_l1d_prev,1,98766171,57540349,2292787,174560,354552,52685,,,psf__requests-1142,,,,,,,,,,,,,,,,
requests-698,ideal_l1i_prev,1,98766171,57915787,3005402,7,484989,76468,,,psf__requests-1142,,,,,,,,,,,,,,,,
requests-698,ideal_l1_prev,1,98766171,55341882,2299257,9,346467,49541,,,psf__requests-1142,,,,,,,,,,,,,,,,
requests-698,ideal_l1_self,1,98766171,44712416,0,0,17,100,,,psf__requests-1142,,,,,,,,,,,,,,,,
requests-698,count_prev,1,98766171,60119324,2997714,174035,495163,79860,54998,98766708,psf__requests-1142,7,3123552,518260,174035,174028,,,,,,,,,,,
requests-698,install_prev,1,98766171,59748135,2993970,173902,457039,67162,,98766708,psf__requests-1142,,,,,,4,0,20000,4,54998,0,0,0,48767,16384,44845
requests-698,perfect_l1d,1,98766171,46304229,0,173733,1790,1108,,,psf__requests-1142,,,,,,,,,,,,,,,,
requests-698,perfect_all,1,98766171,44466010,0,0,0,0,,,psf__requests-1142,,,,,,,,,,,,,,,,
requests-698,l1d_2x,1,98766171,58989629,2423565,174432,480834,79570,,,psf__requests-1142,,,,,,,,,,,,,,,,
requests-698,l2_2x,1,98766171,56420379,2976339,173067,311300,62327,,,psf__requests-1142,,,,,,,,,,,,,,,,
xarray-1014,base,1,92221749,54585849,2765803,138233,436110,57091,,,pydata__xarray-2905,,,,,,,,,,,,,,,,
xarray-1014,ideal_l1d_prev,1,92221752,52797042,2355769,138597,375095,43410,,,pydata__xarray-2905,,,,,,,,,,,,,,,,
xarray-1014,ideal_l1i_prev,1,92221752,52646878,2770992,3,426643,54434,,,pydata__xarray-2905,,,,,,,,,,,,,,,,
xarray-1014,ideal_l1_prev,1,92221752,50842520,2359864,3,367115,40919,,,pydata__xarray-2905,,,,,,,,,,,,,,,,
xarray-1014,ideal_l1_self,1,92221748,39783151,0,0,28,79,,,pydata__xarray-2905,,,,,,,,,,,,,,,,
xarray-1014,count_prev,1,92221749,54585849,2765803,138233,436110,57091,30196,92245461,pydata__xarray-2905,7,2877996,268631,138233,138230,,,,,,,,,,,
xarray-1014,install_prev,1,92221749,54090849,2763743,137884,410655,48884,,92245461,pydata__xarray-2905,,,,,,4,0,20000,4,30196,0,0,0,30196,16384,13812
xarray-1014,perfect_l1d,1,92221752,41114564,0,138004,1314,793,,,pydata__xarray-2905,,,,,,,,,,,,,,,,
xarray-1014,perfect_all,1,92221752,39493732,0,0,0,0,,,pydata__xarray-2905,,,,,,,,,,,,,,,,
xarray-1014,l1d_2x,1,92221749,53609228,2289428,138392,421898,56448,,,pydata__xarray-2905,,,,,,,,,,,,,,,,
xarray-1014,l2_2x,1,92221749,50659610,2739617,137142,222736,42202,,,pydata__xarray-2905,,,,,,,,,,,,,,,,
xarray-431,base,1,92068545,54593214,2756229,140042,435920,56690,,,pydata__xarray-2905,,,,,,,,,,,,,,,,
xarray-431,ideal_l1d_prev,1,92068545,52816625,2350583,140191,376138,43185,,,pydata__xarray-2905,,,,,,,,,,,,,,,,
xarray-431,ideal_l1i_prev,1,92068545,52647212,2762309,5,427692,54485,,,pydata__xarray-2905,,,,,,,,,,,,,,,,
xarray-431,ideal_l1_prev,1,92068545,50844770,2354942,5,367975,40785,,,pydata__xarray-2905,,,,,,,,,,,,,,,,
xarray-431,ideal_l1_self,1,92068545,39811068,0,0,25,70,,,pydata__xarray-2905,,,,,,,,,,,,,,,,
xarray-431,count_prev,1,92068545,54593214,2756229,140042,435920,56690,30197,92092270,pydata__xarray-2905,7,2869498,268306,140042,140037,,,,,,,,,,,
xarray-431,install_prev,1,92068545,54076715,2754143,139717,411143,48528,,92092270,pydata__xarray-2905,,,,,,4,0,20000,4,30197,0,0,0,30197,16384,13813
xarray-431,perfect_l1d,1,92068545,41166875,0,139314,1337,788,,,pydata__xarray-2905,,,,,,,,,,,,,,,,
xarray-431,perfect_all,1,92068545,39534781,0,0,0,0,,,pydata__xarray-2905,,,,,,,,,,,,,,,,
xarray-431,l1d_2x,1,92068543,53554297,2270788,140217,421760,56225,,,pydata__xarray-2905,,,,,,,,,,,,,,,,
xarray-431,l2_2x,1,92068547,50715395,2729749,139100,223446,42364,,,pydata__xarray-2905,,,,,,,,,,,,,,,,
xarray-1166,base,1,91830366,54344348,2759265,139155,436953,56450,,,pydata__xarray-2905,,,,,,,,,,,,,,,,
xarray-1166,ideal_l1d_prev,1,91830366,52552301,2353112,139624,375524,43297,,,pydata__xarray-2905,,,,,,,,,,,,,,,,
xarray-1166,ideal_l1i_prev,1,91830366,52434488,2765319,17,427678,54283,,,pydata__xarray-2905,,,,,,,,,,,,,,,,
xarray-1166,ideal_l1_prev,1,91830366,50615046,2357946,17,367243,40892,,,pydata__xarray-2905,,,,,,,,,,,,,,,,
xarray-1166,ideal_l1_self,1,91830366,39573178,0,0,25,75,,,pydata__xarray-2905,,,,,,,,,,,,,,,,
xarray-1166,count_prev,1,91830366,54344348,2759265,139155,436953,56450,30182,91854093,pydata__xarray-2905,7,2871958,267618,139155,139144,,,,,,,,,,,
xarray-1166,install_prev,1,91830366,53845196,2756925,138788,411602,48492,,91854093,pydata__xarray-2905,,,,,,4,0,20000,4,30182,0,0,0,30182,16384,13798
xarray-1166,perfect_l1d,1,91830367,40927106,0,138728,1352,807,,,pydata__xarray-2905,,,,,,,,,,,,,,,,
xarray-1166,perfect_all,1,91830367,39297435,0,0,0,0,,,pydata__xarray-2905,,,,,,,,,,,,,,,,
xarray-1166,l1d_2x,1,91830366,53345951,2271862,139387,422600,56158,,,pydata__xarray-2905,,,,,,,,,,,,,,,,
xarray-1166,l2_2x,1,91830368,50442828,2732760,138207,223310,42295,,,pydata__xarray-2905,,,,,,,,,,,,,,,,
xarray-733,base,1,91750469,54339034,2761157,139653,435384,56609,,,pydata__xarray-2905,,,,,,,,,,,,,,,,
xarray-733,ideal_l1d_prev,1,91750469,52587746,2353705,139916,375503,43255,,,pydata__xarray-2905,,,,,,,,,,,,,,,,
xarray-733,ideal_l1i_prev,1,91750469,52427864,2766758,14,427691,54335,,,pydata__xarray-2905,,,,,,,,,,,,,,,,
xarray-733,ideal_l1_prev,1,91750469,50630267,2358193,15,367583,41054,,,pydata__xarray-2905,,,,,,,,,,,,,,,,
xarray-733,ideal_l1_self,1,91750467,39587399,0,0,24,64,,,pydata__xarray-2905,,,,,,,,,,,,,,,,
xarray-733,count_prev,1,91750469,54339034,2761157,139653,435384,56609,30184,91774192,pydata__xarray-2905,7,2873920,267538,139653,139647,,,,,,,,,,,
xarray-733,install_prev,1,91750469,53863383,2758938,139314,410459,48473,,91774192,pydata__xarray-2905,,,,,,4,0,20000,4,30184,0,0,0,30184,16384,13800
xarray-733,perfect_l1d,1,91750467,40951430,0,139023,1306,783,,,pydata__xarray-2905,,,,,,,,,,,,,,,,
xarray-733,perfect_all,1,91750467,39316923,0,0,0,0,,,pydata__xarray-2905,,,,,,,,,,,,,,,,
xarray-733,l1d_2x,1,91750469,53371901,2289849,139695,421633,56312,,,pydata__xarray-2905,,,,,,,,,,,,,,,,
xarray-733,l2_2x,1,91750465,50438007,2735114,138670,222205,42085,,,pydata__xarray-2905,,,,,,,,,,,,,,,,
django-556,base,1,87374390,53233572,2753102,168424,445119,72443,,,django__django-13809,,,,,,,,,,,,,,,,
django-556,ideal_l1d_prev,1,87374390,50068904,1964385,169053,289589,41486,,,django__django-13809,,,,,,,,,,,,,,,,
django-556,ideal_l1i_prev,1,87374390,51230347,2760213,10,435896,69540,,,django__django-13809,,,,,,,,,,,,,,,,
django-556,ideal_l1_prev,1,87374390,48085191,1969717,10,281321,38826,,,django__django-13809,,,,,,,,,,,,,,,,
django-556,ideal_l1_self,1,87374390,39669232,0,0,19,63,,,django__django-13809,,,,,,,,,,,,,,,,
django-556,count_prev,1,87374390,53233572,2753102,168424,445119,72443,59809,87374906,django__django-13809,7,2873182,580102,168424,168415,,,,,,,,,,,
django-556,install_prev,1,87374390,52853001,2748385,168316,412339,59467,,87374906,django__django-13809,,,,,,4,0,20000,4,59809,0,0,0,49113,16384,54121
django-556,perfect_l1d,1,87374390,41088537,0,169339,1780,1064,,,django__django-13809,,,,,,,,,,,,,,,,
django-556,perfect_all,1,87374390,39411181,0,0,0,0,,,django__django-13809,,,,,,,,,,,,,,,,
django-556,l1d_2x,1,87374390,52252610,2207324,169243,432613,71767,,,django__django-13809,,,,,,,,,,,,,,,,
django-556,l2_2x,1,87374390,49849288,2732359,167974,278828,55758,,,django__django-13809,,,,,,,,,,,,,,,,
django-564,base,1,87050094,53020220,2754073,171472,443611,71852,,,django__django-13809,,,,,,,,,,,,,,,,
django-564,ideal_l1d_prev,1,87050094,49906040,1967389,172343,287261,41293,,,django__django-13809,,,,,,,,,,,,,,,,
django-564,ideal_l1i_prev,1,87050094,51006041,2761124,14,432635,69293,,,django__django-13809,,,,,,,,,,,,,,,,
django-564,ideal_l1_prev,1,87050094,47876629,1973026,15,279442,38601,,,django__django-13809,,,,,,,,,,,,,,,,
django-564,ideal_l1_self,1,87050094,39537956,0,0,20,68,,,django__django-13809,,,,,,,,,,,,,,,,
django-564,count_prev,1,87050094,53020220,2754073,171472,443611,71852,59809,87050610,django__django-13809,7,2872841,579031,171472,171460,,,,,,,,,,,
django-564,install_prev,1,87050094,52610260,2750084,171357,406849,59214,,87050610,django__django-13809,,,,,,4,0,20000,4,59809,0,0,0,49113,16384,54121
django-564,perfect_l1d,1,87050094,40965606,0,172344,1800,1057,,,django__django-13809,,,,,,,,,,,,,,,,
django-564,perfect_all,1,87050094,39268926,0,0,0,0,,,django__django-13809,,,,,,,,,,,,,,,,
django-564,l1d_2x,1,87050094,52047452,2208524,172278,430950,71625,,,django__django-13809,,,,,,,,,,,,,,,,
django-564,l2_2x,1,87050094,49692003,2734001,171013,279090,55174,,,django__django-13809,,,,,,,,,,,,,,,,
django-532,base,1,86883149,52951828,2751502,169786,444144,72382,,,django__django-13809,,,,,,,,,,,,,,,,
django-532,ideal_l1d_prev,1,86883149,49793179,1969891,170942,289199,41406,,,django__django-13809,,,,,,,,,,,,,,,,
django-532,ideal_l1i_prev,1,86883149,50931971,2759025,7,434423,69187,,,django__django-13809,,,,,,,,,,,,,,,,
django-532,ideal_l1_prev,1,86883149,47787712,1976007,7,280835,38806,,,django__django-13809,,,,,,,,,,,,,,,,
django-532,ideal_l1_self,1,86883149,39412249,0,0,13,71,,,django__django-13809,,,,,,,,,,,,,,,,
django-532,count_prev,1,86883149,52951828,2751502,169786,444144,72382,59809,86883665,django__django-13809,7,2871186,577971,169786,169779,,,,,,,,,,,
django-532,install_prev,1,86883149,52529791,2746694,169645,410635,58634,,86883665,django__django-13809,,,,,,4,0,20000,4,59809,0,0,0,49113,16384,54121
django-532,perfect_l1d,1,86883149,40821804,0,171289,1770,1069,,,django__django-13809,,,,,,,,,,,,,,,,
django-532,perfect_all,1,86883149,39153938,0,0,0,0,,,django__django-13809,,,,,,,,,,,,,,,,
django-532,l1d_2x,1,86883149,51950340,2207862,170746,431281,71394,,,django__django-13809,,,,,,,,,,,,,,,,
django-532,l2_2x,1,86883149,49555896,2730561,169426,276818,54923,,,django__django-13809,,,,,,,,,,,,,,,,
django-540,base,1,86871470,52947161,2741757,167188,444474,72660,,,django__django-13809,,,,,,,,,,,,,,,,
django-540,ideal_l1d_prev,1,86871470,49786976,1960078,168491,288566,41669,,,django__django-13809,,,,,,,,,,,,,,,,
django-540,ideal_l1i_prev,1,86871470,50931568,2748335,9,434355,69865,,,django__django-13809,,,,,,,,,,,,,,,,
django-540,ideal_l1_prev,1,86871470,47796655,1965457,8,280275,39067,,,django__django-13809,,,,,,,,,,,,,,,,
django-540,ideal_l1_self,1,86871470,39423224,0,0,22,64,,,django__django-13809,,,,,,,,,,,,,,,,
django-540,count_prev,1,86871470,52947161,2741757,167188,444474,72660,59817,86871986,django__django-13809,7,2860456,577575,167188,167182,,,,,,,,,,,
django-540,install_prev,1,86871470,52506500,2737481,167090,411303,59019,,86871986,django__django-13809,,,,,,4,0,20000,4,59817,0,0,0,49113,16384,54137
django-540,perfect_l1d,1,86871470,40839081,0,168704,1795,1050,,,django__django-13809,,,,,,,,,,,,,,,,
django-540,perfect_all,1,86871470,39163722,0,0,0,0,,,django__django-13809,,,,,,,,,,,,,,,,
django-540,l1d_2x,1,86871470,51952607,2203897,168208,432059,71675,,,django__django-13809,,,,,,,,,,,,,,,,
django-540,l2_2x,1,86871470,49589904,2721605,166853,278748,55145,,,django__django-13809,,,,,,,,,,,,,,,,
